Classifier,Precision,Recall
Logistic Regression,0.1562,1.0
Logistic Regression,0.1563,1.0
Logistic Regression,0.1565,1.0
Logistic Regression,0.1567,1.0
Logistic Regression,0.1568,1.0
Logistic Regression,0.157,1.0
Logistic Regression,0.1571,1.0
Logistic Regression,0.1573,1.0
Logistic Regression,0.1575,1.0
Logistic Regression,0.1576,1.0
Logistic Regression,0.1578,1.0
Logistic Regression,0.1579,1.0
Logistic Regression,0.1581,1.0
Logistic Regression,0.1583,1.0
Logistic Regression,0.1584,1.0
Logistic Regression,0.1586,1.0
Logistic Regression,0.1588,1.0
Logistic Regression,0.1589,1.0
Logistic Regression,0.1591,1.0
Logistic Regression,0.1582,0.9935
Logistic Regression,0.1584,0.9935
Logistic Regression,0.1585,0.9935
Logistic Regression,0.1587,0.9935
Logistic Regression,0.1589,0.9935
Logistic Regression,0.159,0.9935
Logistic Regression,0.1592,0.9935
Logistic Regression,0.1594,0.9935
Logistic Regression,0.1595,0.9935
Logistic Regression,0.1597,0.9935
Logistic Regression,0.1599,0.9935
Logistic Regression,0.16,0.9935
Logistic Regression,0.1602,0.9935
Logistic Regression,0.1604,0.9935
Logistic Regression,0.1605,0.9935
Logistic Regression,0.1607,0.9935
Logistic Regression,0.1609,0.9935
Logistic Regression,0.1611,0.9935
Logistic Regression,0.1612,0.9935
Logistic Regression,0.1614,0.9935
Logistic Regression,0.1616,0.9935
Logistic Regression,0.1617,0.9935
Logistic Regression,0.1608,0.987
Logistic Regression,0.161,0.987
Logistic Regression,0.1612,0.987
Logistic Regression,0.1614,0.987
Logistic Regression,0.1615,0.987
Logistic Regression,0.1617,0.987
Logistic Regression,0.1619,0.987
Logistic Regression,0.162,0.987
Logistic Regression,0.1622,0.987
Logistic Regression,0.1624,0.987
Logistic Regression,0.1626,0.987
Logistic Regression,0.1627,0.987
Logistic Regression,0.1629,0.987
Logistic Regression,0.1631,0.987
Logistic Regression,0.1633,0.987
Logistic Regression,0.1634,0.987
Logistic Regression,0.1636,0.987
Logistic Regression,0.1638,0.987
Logistic Regression,0.164,0.987
Logistic Regression,0.1641,0.987
Logistic Regression,0.1643,0.987
Logistic Regression,0.1634,0.9805
Logistic Regression,0.1636,0.9805
Logistic Regression,0.1638,0.9805
Logistic Regression,0.164,0.9805
Logistic Regression,0.1641,0.9805
Logistic Regression,0.1643,0.9805
Logistic Regression,0.1645,0.9805
Logistic Regression,0.1647,0.9805
Logistic Regression,0.1648,0.9805
Logistic Regression,0.165,0.9805
Logistic Regression,0.1652,0.9805
Logistic Regression,0.1654,0.9805
Logistic Regression,0.1656,0.9805
Logistic Regression,0.1658,0.9805
Logistic Regression,0.1659,0.9805
Logistic Regression,0.1661,0.9805
Logistic Regression,0.1663,0.9805
Logistic Regression,0.1665,0.9805
Logistic Regression,0.1667,0.9805
Logistic Regression,0.1669,0.9805
Logistic Regression,0.167,0.9805
Logistic Regression,0.1672,0.9805
Logistic Regression,0.1674,0.9805
Logistic Regression,0.1676,0.9805
Logistic Regression,0.1678,0.9805
Logistic Regression,0.168,0.9805
Logistic Regression,0.1682,0.9805
Logistic Regression,0.1683,0.9805
Logistic Regression,0.1685,0.9805
Logistic Regression,0.1687,0.9805
Logistic Regression,0.1689,0.9805
Logistic Regression,0.1691,0.9805
Logistic Regression,0.1693,0.9805
Logistic Regression,0.1695,0.9805
Logistic Regression,0.1697,0.9805
Logistic Regression,0.1687,0.974
Logistic Regression,0.1678,0.9675
Logistic Regression,0.168,0.9675
Logistic Regression,0.1682,0.9675
Logistic Regression,0.1684,0.9675
Logistic Regression,0.1686,0.9675
Logistic Regression,0.1687,0.9675
Logistic Regression,0.1689,0.9675
Logistic Regression,0.1691,0.9675
Logistic Regression,0.1693,0.9675
Logistic Regression,0.1695,0.9675
Logistic Regression,0.1697,0.9675
Logistic Regression,0.1699,0.9675
Logistic Regression,0.1701,0.9675
Logistic Regression,0.1703,0.9675
Logistic Regression,0.1705,0.9675
Logistic Regression,0.1695,0.961
Logistic Regression,0.1697,0.961
Logistic Regression,0.1699,0.961
Logistic Regression,0.1701,0.961
Logistic Regression,0.1703,0.961
Logistic Regression,0.1705,0.961
Logistic Regression,0.1707,0.961
Logistic Regression,0.1709,0.961
Logistic Regression,0.1711,0.961
Logistic Regression,0.1713,0.961
Logistic Regression,0.1715,0.961
Logistic Regression,0.1717,0.961
Logistic Regression,0.1719,0.961
Logistic Regression,0.1721,0.961
Logistic Regression,0.1723,0.961
Logistic Regression,0.1713,0.9545
Logistic Regression,0.1715,0.9545
Logistic Regression,0.1717,0.9545
Logistic Regression,0.1719,0.9545
Logistic Regression,0.1721,0.9545
Logistic Regression,0.1723,0.9545
Logistic Regression,0.1725,0.9545
Logistic Regression,0.1727,0.9545
Logistic Regression,0.1729,0.9545
Logistic Regression,0.1731,0.9545
Logistic Regression,0.1733,0.9545
Logistic Regression,0.1736,0.9545
Logistic Regression,0.1738,0.9545
Logistic Regression,0.174,0.9545
Logistic Regression,0.1742,0.9545
Logistic Regression,0.1744,0.9545
Logistic Regression,0.1746,0.9545
Logistic Regression,0.1736,0.9481
Logistic Regression,0.1738,0.9481
Logistic Regression,0.174,0.9481
Logistic Regression,0.1742,0.9481
Logistic Regression,0.1744,0.9481
Logistic Regression,0.1746,0.9481
Logistic Regression,0.1749,0.9481
Logistic Regression,0.1751,0.9481
Logistic Regression,0.1753,0.9481
Logistic Regression,0.1755,0.9481
Logistic Regression,0.1757,0.9481
Logistic Regression,0.1759,0.9481
Logistic Regression,0.1761,0.9481
Logistic Regression,0.1763,0.9481
Logistic Regression,0.1753,0.9416
Logistic Regression,0.1755,0.9416
Logistic Regression,0.1758,0.9416
Logistic Regression,0.176,0.9416
Logistic Regression,0.175,0.9351
Logistic Regression,0.1752,0.9351
Logistic Regression,0.1754,0.9351
Logistic Regression,0.1756,0.9351
Logistic Regression,0.1758,0.9351
Logistic Regression,0.176,0.9351
Logistic Regression,0.1763,0.9351
Logistic Regression,0.1765,0.9351
Logistic Regression,0.1767,0.9351
Logistic Regression,0.1769,0.9351
Logistic Regression,0.1771,0.9351
Logistic Regression,0.1773,0.9351
Logistic Regression,0.1776,0.9351
Logistic Regression,0.1778,0.9351
Logistic Regression,0.178,0.9351
Logistic Regression,0.1782,0.9351
Logistic Regression,0.1784,0.9351
Logistic Regression,0.1787,0.9351
Logistic Regression,0.1789,0.9351
Logistic Regression,0.1791,0.9351
Logistic Regression,0.1793,0.9351
Logistic Regression,0.1796,0.9351
Logistic Regression,0.1798,0.9351
Logistic Regression,0.18,0.9351
Logistic Regression,0.1802,0.9351
Logistic Regression,0.1805,0.9351
Logistic Regression,0.1807,0.9351
Logistic Regression,0.1809,0.9351
Logistic Regression,0.1811,0.9351
Logistic Regression,0.1814,0.9351
Logistic Regression,0.1816,0.9351
Logistic Regression,0.1818,0.9351
Logistic Regression,0.182,0.9351
Logistic Regression,0.1823,0.9351
Logistic Regression,0.1825,0.9351
Logistic Regression,0.1827,0.9351
Logistic Regression,0.1817,0.9286
Logistic Regression,0.1819,0.9286
Logistic Regression,0.1822,0.9286
Logistic Regression,0.1824,0.9286
Logistic Regression,0.1826,0.9286
Logistic Regression,0.1829,0.9286
Logistic Regression,0.1831,0.9286
Logistic Regression,0.1833,0.9286
Logistic Regression,0.1836,0.9286
Logistic Regression,0.1838,0.9286
Logistic Regression,0.184,0.9286
Logistic Regression,0.183,0.9221
Logistic Regression,0.1832,0.9221
Logistic Regression,0.1835,0.9221
Logistic Regression,0.1837,0.9221
Logistic Regression,0.1839,0.9221
Logistic Regression,0.1842,0.9221
Logistic Regression,0.1844,0.9221
Logistic Regression,0.1847,0.9221
Logistic Regression,0.1849,0.9221
Logistic Regression,0.1851,0.9221
Logistic Regression,0.1854,0.9221
Logistic Regression,0.1856,0.9221
Logistic Regression,0.1859,0.9221
Logistic Regression,0.1861,0.9221
Logistic Regression,0.1864,0.9221
Logistic Regression,0.1866,0.9221
Logistic Regression,0.1868,0.9221
Logistic Regression,0.1871,0.9221
Logistic Regression,0.1873,0.9221
Logistic Regression,0.1876,0.9221
Logistic Regression,0.1878,0.9221
Logistic Regression,0.1881,0.9221
Logistic Regression,0.1883,0.9221
Logistic Regression,0.1886,0.9221
Logistic Regression,0.1888,0.9221
Logistic Regression,0.1891,0.9221
Logistic Regression,0.1893,0.9221
Logistic Regression,0.1896,0.9221
Logistic Regression,0.1898,0.9221
Logistic Regression,0.1901,0.9221
Logistic Regression,0.1903,0.9221
Logistic Regression,0.1906,0.9221
Logistic Regression,0.1909,0.9221
Logistic Regression,0.1898,0.9156
Logistic Regression,0.19,0.9156
Logistic Regression,0.1903,0.9156
Logistic Regression,0.1905,0.9156
Logistic Regression,0.1908,0.9156
Logistic Regression,0.1911,0.9156
Logistic Regression,0.19,0.9091
Logistic Regression,0.1902,0.9091
Logistic Regression,0.1905,0.9091
Logistic Regression,0.1907,0.9091
Logistic Regression,0.191,0.9091
Logistic Regression,0.1913,0.9091
Logistic Regression,0.1915,0.9091
Logistic Regression,0.1918,0.9091
Logistic Regression,0.1907,0.9026
Logistic Regression,0.1909,0.9026
Logistic Regression,0.1912,0.9026
Logistic Regression,0.1901,0.8961
Logistic Regression,0.1903,0.8961
Logistic Regression,0.1906,0.8961
Logistic Regression,0.1909,0.8961
Logistic Regression,0.1911,0.8961
Logistic Regression,0.19,0.8896
Logistic Regression,0.1903,0.8896
Logistic Regression,0.1905,0.8896
Logistic Regression,0.1908,0.8896
Logistic Regression,0.1911,0.8896
Logistic Regression,0.1913,0.8896
Logistic Regression,0.1902,0.8831
Logistic Regression,0.1905,0.8831
Logistic Regression,0.1907,0.8831
Logistic Regression,0.1896,0.8766
Logistic Regression,0.1899,0.8766
Logistic Regression,0.1887,0.8701
Logistic Regression,0.189,0.8701
Logistic Regression,0.1879,0.8636
Logistic Regression,0.1881,0.8636
Logistic Regression,0.1884,0.8636
Logistic Regression,0.1887,0.8636
Logistic Regression,0.1889,0.8636
Logistic Regression,0.1892,0.8636
Logistic Regression,0.1895,0.8636
Logistic Regression,0.1897,0.8636
Logistic Regression,0.1886,0.8571
Logistic Regression,0.1888,0.8571
Logistic Regression,0.1891,0.8571
Logistic Regression,0.1894,0.8571
Logistic Regression,0.1897,0.8571
Logistic Regression,0.1899,0.8571
Logistic Regression,0.1902,0.8571
Logistic Regression,0.1905,0.8571
Logistic Regression,0.1908,0.8571
Logistic Regression,0.191,0.8571
Logistic Regression,0.1913,0.8571
Logistic Regression,0.1916,0.8571
Logistic Regression,0.1919,0.8571
Logistic Regression,0.1921,0.8571
Logistic Regression,0.1924,0.8571
Logistic Regression,0.1927,0.8571
Logistic Regression,0.193,0.8571
Logistic Regression,0.1933,0.8571
Logistic Regression,0.1935,0.8571
Logistic Regression,0.1938,0.8571
Logistic Regression,0.1941,0.8571
Logistic Regression,0.1944,0.8571
Logistic Regression,0.1947,0.8571
Logistic Regression,0.195,0.8571
Logistic Regression,0.1953,0.8571
Logistic Regression,0.1956,0.8571
Logistic Regression,0.1958,0.8571
Logistic Regression,0.1961,0.8571
Logistic Regression,0.1964,0.8571
Logistic Regression,0.1967,0.8571
Logistic Regression,0.1955,0.8506
Logistic Regression,0.1958,0.8506
Logistic Regression,0.1961,0.8506
Logistic Regression,0.1964,0.8506
Logistic Regression,0.1967,0.8506
Logistic Regression,0.197,0.8506
Logistic Regression,0.1973,0.8506
Logistic Regression,0.1976,0.8506
Logistic Regression,0.1979,0.8506
Logistic Regression,0.1982,0.8506
Logistic Regression,0.1985,0.8506
Logistic Regression,0.1988,0.8506
Logistic Regression,0.1991,0.8506
Logistic Regression,0.1994,0.8506
Logistic Regression,0.1997,0.8506
Logistic Regression,0.2,0.8506
Logistic Regression,0.2003,0.8506
Logistic Regression,0.2006,0.8506
Logistic Regression,0.2009,0.8506
Logistic Regression,0.2012,0.8506
Logistic Regression,0.2015,0.8506
Logistic Regression,0.2018,0.8506
Logistic Regression,0.2022,0.8506
Logistic Regression,0.2025,0.8506
Logistic Regression,0.2028,0.8506
Logistic Regression,0.2031,0.8506
Logistic Regression,0.2034,0.8506
Logistic Regression,0.2037,0.8506
Logistic Regression,0.204,0.8506
Logistic Regression,0.2044,0.8506
Logistic Regression,0.2031,0.8442
Logistic Regression,0.2034,0.8442
Logistic Regression,0.2038,0.8442
Logistic Regression,0.2041,0.8442
Logistic Regression,0.2044,0.8442
Logistic Regression,0.2047,0.8442
Logistic Regression,0.205,0.8442
Logistic Regression,0.2054,0.8442
Logistic Regression,0.2057,0.8442
Logistic Regression,0.206,0.8442
Logistic Regression,0.2063,0.8442
Logistic Regression,0.2067,0.8442
Logistic Regression,0.207,0.8442
Logistic Regression,0.2073,0.8442
Logistic Regression,0.2077,0.8442
Logistic Regression,0.208,0.8442
Logistic Regression,0.2083,0.8442
Logistic Regression,0.2087,0.8442
Logistic Regression,0.209,0.8442
Logistic Regression,0.2093,0.8442
Logistic Regression,0.2097,0.8442
Logistic Regression,0.21,0.8442
Logistic Regression,0.2104,0.8442
Logistic Regression,0.2107,0.8442
Logistic Regression,0.2094,0.8377
Logistic Regression,0.2098,0.8377
Logistic Regression,0.2101,0.8377
Logistic Regression,0.2104,0.8377
Logistic Regression,0.2108,0.8377
Logistic Regression,0.2095,0.8312
Logistic Regression,0.2098,0.8312
Logistic Regression,0.2102,0.8312
Logistic Regression,0.2105,0.8312
Logistic Regression,0.2109,0.8312
Logistic Regression,0.2112,0.8312
Logistic Regression,0.2116,0.8312
Logistic Regression,0.2119,0.8312
Logistic Regression,0.2123,0.8312
Logistic Regression,0.2126,0.8312
Logistic Regression,0.213,0.8312
Logistic Regression,0.2133,0.8312
Logistic Regression,0.2137,0.8312
Logistic Regression,0.214,0.8312
Logistic Regression,0.2144,0.8312
Logistic Regression,0.2148,0.8312
Logistic Regression,0.2151,0.8312
Logistic Regression,0.2155,0.8312
Logistic Regression,0.2159,0.8312
Logistic Regression,0.2162,0.8312
Logistic Regression,0.2166,0.8312
Logistic Regression,0.2169,0.8312
Logistic Regression,0.2173,0.8312
Logistic Regression,0.2177,0.8312
Logistic Regression,0.2164,0.8247
Logistic Regression,0.2167,0.8247
Logistic Regression,0.2171,0.8247
Logistic Regression,0.2175,0.8247
Logistic Regression,0.2178,0.8247
Logistic Regression,0.2182,0.8247
Logistic Regression,0.2186,0.8247
Logistic Regression,0.219,0.8247
Logistic Regression,0.2193,0.8247
Logistic Regression,0.218,0.8182
Logistic Regression,0.2184,0.8182
Logistic Regression,0.2188,0.8182
Logistic Regression,0.2191,0.8182
Logistic Regression,0.2195,0.8182
Logistic Regression,0.2199,0.8182
Logistic Regression,0.2185,0.8117
Logistic Regression,0.2189,0.8117
Logistic Regression,0.2193,0.8117
Logistic Regression,0.2197,0.8117
Logistic Regression,0.2201,0.8117
Logistic Regression,0.2205,0.8117
Logistic Regression,0.2191,0.8052
Logistic Regression,0.2195,0.8052
Logistic Regression,0.2199,0.8052
Logistic Regression,0.2202,0.8052
Logistic Regression,0.2206,0.8052
Logistic Regression,0.221,0.8052
Logistic Regression,0.2214,0.8052
Logistic Regression,0.2218,0.8052
Logistic Regression,0.2204,0.7987
Logistic Regression,0.2208,0.7987
Logistic Regression,0.2212,0.7987
Logistic Regression,0.2216,0.7987
Logistic Regression,0.222,0.7987
Logistic Regression,0.2224,0.7987
Logistic Regression,0.2228,0.7987
Logistic Regression,0.2232,0.7987
Logistic Regression,0.2236,0.7987
Logistic Regression,0.224,0.7987
Logistic Regression,0.2245,0.7987
Logistic Regression,0.2249,0.7987
Logistic Regression,0.2253,0.7987
Logistic Regression,0.2257,0.7987
Logistic Regression,0.2261,0.7987
Logistic Regression,0.2265,0.7987
Logistic Regression,0.2269,0.7987
Logistic Regression,0.2255,0.7922
Logistic Regression,0.2259,0.7922
Logistic Regression,0.2263,0.7922
Logistic Regression,0.2268,0.7922
Logistic Regression,0.2272,0.7922
Logistic Regression,0.2276,0.7922
Logistic Regression,0.228,0.7922
Logistic Regression,0.2285,0.7922
Logistic Regression,0.2289,0.7922
Logistic Regression,0.2293,0.7922
Logistic Regression,0.2298,0.7922
Logistic Regression,0.2302,0.7922
Logistic Regression,0.2306,0.7922
Logistic Regression,0.2311,0.7922
Logistic Regression,0.2315,0.7922
Logistic Regression,0.2319,0.7922
Logistic Regression,0.2324,0.7922
Logistic Regression,0.2309,0.7857
Logistic Regression,0.2314,0.7857
Logistic Regression,0.2318,0.7857
Logistic Regression,0.2322,0.7857
Logistic Regression,0.2327,0.7857
Logistic Regression,0.2331,0.7857
Logistic Regression,0.2336,0.7857
Logistic Regression,0.234,0.7857
Logistic Regression,0.2326,0.7792
Logistic Regression,0.233,0.7792
Logistic Regression,0.2335,0.7792
Logistic Regression,0.2339,0.7792
Logistic Regression,0.2344,0.7792
Logistic Regression,0.2348,0.7792
Logistic Regression,0.2353,0.7792
Logistic Regression,0.2358,0.7792
Logistic Regression,0.2362,0.7792
Logistic Regression,0.2367,0.7792
Logistic Regression,0.2352,0.7727
Logistic Regression,0.2356,0.7727
Logistic Regression,0.2341,0.7662
Logistic Regression,0.2346,0.7662
Logistic Regression,0.2351,0.7662
Logistic Regression,0.2355,0.7662
Logistic Regression,0.236,0.7662
Logistic Regression,0.2365,0.7662
Logistic Regression,0.2369,0.7662
Logistic Regression,0.2374,0.7662
Logistic Regression,0.2359,0.7597
Logistic Regression,0.2364,0.7597
Logistic Regression,0.2348,0.7532
Logistic Regression,0.2353,0.7532
Logistic Regression,0.2358,0.7532
Logistic Regression,0.2363,0.7532
Logistic Regression,0.2367,0.7532
Logistic Regression,0.2372,0.7532
Logistic Regression,0.2377,0.7532
Logistic Regression,0.2382,0.7532
Logistic Regression,0.2366,0.7468
Logistic Regression,0.2371,0.7468
Logistic Regression,0.2376,0.7468
Logistic Regression,0.236,0.7403
Logistic Regression,0.2365,0.7403
Logistic Regression,0.237,0.7403
Logistic Regression,0.2375,0.7403
Logistic Regression,0.238,0.7403
Logistic Regression,0.2385,0.7403
Logistic Regression,0.239,0.7403
Logistic Regression,0.2395,0.7403
Logistic Regression,0.24,0.7403
Logistic Regression,0.2405,0.7403
Logistic Regression,0.241,0.7403
Logistic Regression,0.2415,0.7403
Logistic Regression,0.242,0.7403
Logistic Regression,0.2426,0.7403
Logistic Regression,0.2431,0.7403
Logistic Regression,0.2436,0.7403
Logistic Regression,0.2441,0.7403
Logistic Regression,0.2446,0.7403
Logistic Regression,0.243,0.7338
Logistic Regression,0.2435,0.7338
Logistic Regression,0.2441,0.7338
Logistic Regression,0.2424,0.7273
Logistic Regression,0.2408,0.7208
Logistic Regression,0.2413,0.7208
Logistic Regression,0.2418,0.7208
Logistic Regression,0.2424,0.7208
Logistic Regression,0.2429,0.7208
Logistic Regression,0.2434,0.7208
Logistic Regression,0.244,0.7208
Logistic Regression,0.2445,0.7208
Logistic Regression,0.2428,0.7143
Logistic Regression,0.2434,0.7143
Logistic Regression,0.2439,0.7143
Logistic Regression,0.2444,0.7143
Logistic Regression,0.245,0.7143
Logistic Regression,0.2455,0.7143
Logistic Regression,0.2461,0.7143
Logistic Regression,0.2466,0.7143
Logistic Regression,0.2472,0.7143
Logistic Regression,0.2477,0.7143
Logistic Regression,0.2483,0.7143
Logistic Regression,0.2466,0.7078
Logistic Regression,0.2472,0.7078
Logistic Regression,0.2477,0.7078
Logistic Regression,0.2483,0.7078
Logistic Regression,0.2489,0.7078
Logistic Regression,0.2494,0.7078
Logistic Regression,0.25,0.7078
Logistic Regression,0.2483,0.7013
Logistic Regression,0.2488,0.7013
Logistic Regression,0.2494,0.7013
Logistic Regression,0.25,0.7013
Logistic Regression,0.2506,0.7013
Logistic Regression,0.2512,0.7013
Logistic Regression,0.2494,0.6948
Logistic Regression,0.25,0.6948
Logistic Regression,0.2506,0.6948
Logistic Regression,0.2512,0.6948
Logistic Regression,0.2518,0.6948
Logistic Regression,0.2524,0.6948
Logistic Regression,0.253,0.6948
Logistic Regression,0.2536,0.6948
Logistic Regression,0.2542,0.6948
Logistic Regression,0.2548,0.6948
Logistic Regression,0.2554,0.6948
Logistic Regression,0.256,0.6948
Logistic Regression,0.2542,0.6883
Logistic Regression,0.2524,0.6818
Logistic Regression,0.253,0.6818
Logistic Regression,0.2536,0.6818
Logistic Regression,0.2518,0.6753
Logistic Regression,0.2524,0.6753
Logistic Regression,0.2506,0.6688
Logistic Regression,0.2488,0.6623
Logistic Regression,0.2469,0.6558
Logistic Regression,0.2475,0.6558
Logistic Regression,0.2482,0.6558
Logistic Regression,0.2488,0.6558
Logistic Regression,0.2494,0.6558
Logistic Regression,0.25,0.6558
Logistic Regression,0.2506,0.6558
Logistic Regression,0.2512,0.6558
Logistic Regression,0.2519,0.6558
Logistic Regression,0.2525,0.6558
Logistic Regression,0.2531,0.6558
Logistic Regression,0.2538,0.6558
Logistic Regression,0.2544,0.6558
Logistic Regression,0.2551,0.6558
Logistic Regression,0.2557,0.6558
Logistic Regression,0.2563,0.6558
Logistic Regression,0.257,0.6558
Logistic Regression,0.2577,0.6558
Logistic Regression,0.2583,0.6558
Logistic Regression,0.259,0.6558
Logistic Regression,0.2596,0.6558
Logistic Regression,0.2603,0.6558
Logistic Regression,0.261,0.6558
Logistic Regression,0.2617,0.6558
Logistic Regression,0.2623,0.6558
Logistic Regression,0.263,0.6558
Logistic Regression,0.2637,0.6558
Logistic Regression,0.2644,0.6558
Logistic Regression,0.2651,0.6558
Logistic Regression,0.2658,0.6558
Logistic Regression,0.2665,0.6558
Logistic Regression,0.2672,0.6558
Logistic Regression,0.2679,0.6558
Logistic Regression,0.2686,0.6558
Logistic Regression,0.2693,0.6558
Logistic Regression,0.2701,0.6558
Logistic Regression,0.2708,0.6558
Logistic Regression,0.2715,0.6558
Logistic Regression,0.2722,0.6558
Logistic Regression,0.273,0.6558
Logistic Regression,0.271,0.6494
Logistic Regression,0.269,0.6429
Logistic Regression,0.2698,0.6429
Logistic Regression,0.2705,0.6429
Logistic Regression,0.2712,0.6429
Logistic Regression,0.272,0.6429
Logistic Regression,0.2727,0.6429
Logistic Regression,0.2735,0.6429
Logistic Regression,0.2742,0.6429
Logistic Regression,0.275,0.6429
Logistic Regression,0.2758,0.6429
Logistic Regression,0.2765,0.6429
Logistic Regression,0.2773,0.6429
Logistic Regression,0.2781,0.6429
Logistic Regression,0.2789,0.6429
Logistic Regression,0.2797,0.6429
Logistic Regression,0.2776,0.6364
Logistic Regression,0.2784,0.6364
Logistic Regression,0.2792,0.6364
Logistic Regression,0.28,0.6364
Logistic Regression,0.2808,0.6364
Logistic Regression,0.2816,0.6364
Logistic Regression,0.2824,0.6364
Logistic Regression,0.2832,0.6364
Logistic Regression,0.2812,0.6299
Logistic Regression,0.2791,0.6234
Logistic Regression,0.2799,0.6234
Logistic Regression,0.2807,0.6234
Logistic Regression,0.2815,0.6234
Logistic Regression,0.2824,0.6234
Logistic Regression,0.2832,0.6234
Logistic Regression,0.284,0.6234
Logistic Regression,0.2849,0.6234
Logistic Regression,0.2857,0.6234
Logistic Regression,0.2866,0.6234
Logistic Regression,0.2844,0.6169
Logistic Regression,0.2853,0.6169
Logistic Regression,0.2861,0.6169
Logistic Regression,0.284,0.6104
Logistic Regression,0.2848,0.6104
Logistic Regression,0.2857,0.6104
Logistic Regression,0.2866,0.6104
Logistic Regression,0.2875,0.6104
Logistic Regression,0.2883,0.6104
Logistic Regression,0.2862,0.6039
Logistic Regression,0.287,0.6039
Logistic Regression,0.2879,0.6039
Logistic Regression,0.2888,0.6039
Logistic Regression,0.2897,0.6039
Logistic Regression,0.2875,0.5974
Logistic Regression,0.2884,0.5974
Logistic Regression,0.2893,0.5974
Logistic Regression,0.2902,0.5974
Logistic Regression,0.2911,0.5974
Logistic Regression,0.2921,0.5974
Logistic Regression,0.293,0.5974
Logistic Regression,0.2907,0.5909
Logistic Regression,0.2917,0.5909
Logistic Regression,0.2926,0.5909
Logistic Regression,0.2935,0.5909
Logistic Regression,0.2913,0.5844
Logistic Regression,0.2922,0.5844
Logistic Regression,0.2932,0.5844
Logistic Regression,0.2941,0.5844
Logistic Regression,0.2951,0.5844
Logistic Regression,0.2961,0.5844
Logistic Regression,0.297,0.5844
Logistic Regression,0.298,0.5844
Logistic Regression,0.299,0.5844
Logistic Regression,0.3,0.5844
Logistic Regression,0.301,0.5844
Logistic Regression,0.302,0.5844
Logistic Regression,0.303,0.5844
Logistic Regression,0.3041,0.5844
Logistic Regression,0.3051,0.5844
Logistic Regression,0.3061,0.5844
Logistic Regression,0.3038,0.5779
Logistic Regression,0.3048,0.5779
Logistic Regression,0.3058,0.5779
Logistic Regression,0.3069,0.5779
Logistic Regression,0.308,0.5779
Logistic Regression,0.309,0.5779
Logistic Regression,0.3066,0.5714
Logistic Regression,0.3077,0.5714
Logistic Regression,0.3088,0.5714
Logistic Regression,0.3099,0.5714
Logistic Regression,0.311,0.5714
Logistic Regression,0.3121,0.5714
Logistic Regression,0.3132,0.5714
Logistic Regression,0.3143,0.5714
Logistic Regression,0.3154,0.5714
Logistic Regression,0.3165,0.5714
Logistic Regression,0.3141,0.5649
Logistic Regression,0.3152,0.5649
Logistic Regression,0.3127,0.5584
Logistic Regression,0.3139,0.5584
Logistic Regression,0.3114,0.5519
Logistic Regression,0.3088,0.5455
Logistic Regression,0.3063,0.539
Logistic Regression,0.3074,0.539
Logistic Regression,0.3086,0.539
Logistic Regression,0.3097,0.539
Logistic Regression,0.3071,0.5325
Logistic Regression,0.3083,0.5325
Logistic Regression,0.3094,0.5325
Logistic Regression,0.3106,0.5325
Logistic Regression,0.3118,0.5325
Logistic Regression,0.313,0.5325
Logistic Regression,0.3142,0.5325
Logistic Regression,0.3154,0.5325
Logistic Regression,0.3127,0.526
Logistic Regression,0.3101,0.5195
Logistic Regression,0.3113,0.5195
Logistic Regression,0.3125,0.5195
Logistic Regression,0.3137,0.5195
Logistic Regression,0.315,0.5195
Logistic Regression,0.3162,0.5195
Logistic Regression,0.3135,0.513
Logistic Regression,0.3147,0.513
Logistic Regression,0.316,0.513
Logistic Regression,0.3173,0.513
Logistic Regression,0.3185,0.513
Logistic Regression,0.3198,0.513
Logistic Regression,0.3171,0.5065
Logistic Regression,0.3184,0.5065
Logistic Regression,0.3197,0.5065
Logistic Regression,0.321,0.5065
Logistic Regression,0.3223,0.5065
Logistic Regression,0.3237,0.5065
Logistic Regression,0.325,0.5065
Logistic Regression,0.3264,0.5065
Logistic Regression,0.3277,0.5065
Logistic Regression,0.3291,0.5065
Logistic Regression,0.3305,0.5065
Logistic Regression,0.3319,0.5065
Logistic Regression,0.3333,0.5065
Logistic Regression,0.3348,0.5065
Logistic Regression,0.3362,0.5065
Logistic Regression,0.3377,0.5065
Logistic Regression,0.3391,0.5065
Logistic Regression,0.3362,0.5
Logistic Regression,0.3377,0.5
Logistic Regression,0.3392,0.5
Logistic Regression,0.3407,0.5
Logistic Regression,0.3422,0.5
Logistic Regression,0.3438,0.5
Logistic Regression,0.3408,0.4935
Logistic Regression,0.3423,0.4935
Logistic Regression,0.3394,0.487
Logistic Regression,0.3409,0.487
Logistic Regression,0.3425,0.487
Logistic Regression,0.344,0.487
Logistic Regression,0.341,0.4805
Logistic Regression,0.338,0.474
Logistic Regression,0.3349,0.4675
Logistic Regression,0.3364,0.4675
Logistic Regression,0.3333,0.461
Logistic Regression,0.3302,0.4545
Logistic Regression,0.3318,0.4545
Logistic Regression,0.3333,0.4545
Logistic Regression,0.3301,0.4481
Logistic Regression,0.3269,0.4416
Logistic Regression,0.3237,0.4351
Logistic Regression,0.3204,0.4286
Logistic Regression,0.322,0.4286
Logistic Regression,0.3235,0.4286
Logistic Regression,0.3251,0.4286
Logistic Regression,0.3218,0.4221
Logistic Regression,0.3234,0.4221
Logistic Regression,0.325,0.4221
Logistic Regression,0.3266,0.4221
Logistic Regression,0.3283,0.4221
Logistic Regression,0.3299,0.4221
Logistic Regression,0.3265,0.4156
Logistic Regression,0.3282,0.4156
Logistic Regression,0.3299,0.4156
Logistic Regression,0.3264,0.4091
Logistic Regression,0.3281,0.4091
Logistic Regression,0.3298,0.4091
Logistic Regression,0.3316,0.4091
Logistic Regression,0.3333,0.4091
Logistic Regression,0.3351,0.4091
Logistic Regression,0.3316,0.4026
Logistic Regression,0.328,0.3961
Logistic Regression,0.3243,0.3896
Logistic Regression,0.3207,0.3831
Logistic Regression,0.3224,0.3831
Logistic Regression,0.3242,0.3831
Logistic Regression,0.326,0.3831
Logistic Regression,0.3278,0.3831
Logistic Regression,0.3296,0.3831
Logistic Regression,0.3315,0.3831
Logistic Regression,0.3333,0.3831
Logistic Regression,0.3352,0.3831
Logistic Regression,0.3371,0.3831
Logistic Regression,0.3391,0.3831
Logistic Regression,0.341,0.3831
Logistic Regression,0.343,0.3831
Logistic Regression,0.3392,0.3766
Logistic Regression,0.3412,0.3766
Logistic Regression,0.3432,0.3766
Logistic Regression,0.3452,0.3766
Logistic Regression,0.3413,0.3701
Logistic Regression,0.3434,0.3701
Logistic Regression,0.3455,0.3701
Logistic Regression,0.3476,0.3701
Logistic Regression,0.3497,0.3701
Logistic Regression,0.3519,0.3701
Logistic Regression,0.354,0.3701
Logistic Regression,0.3563,0.3701
Logistic Regression,0.3522,0.3636
Logistic Regression,0.3544,0.3636
Logistic Regression,0.3567,0.3636
Logistic Regression,0.359,0.3636
Logistic Regression,0.3613,0.3636
Logistic Regression,0.3571,0.3571
Logistic Regression,0.3595,0.3571
Logistic Regression,0.3618,0.3571
Logistic Regression,0.3642,0.3571
Logistic Regression,0.3667,0.3571
Logistic Regression,0.3624,0.3506
Logistic Regression,0.3649,0.3506
Logistic Regression,0.3673,0.3506
Logistic Regression,0.3699,0.3506
Logistic Regression,0.3655,0.3442
Logistic Regression,0.3681,0.3442
Logistic Regression,0.3636,0.3377
Logistic Regression,0.3662,0.3377
Logistic Regression,0.3688,0.3377
Logistic Regression,0.3714,0.3377
Logistic Regression,0.3669,0.3312
Logistic Regression,0.3623,0.3247
Logistic Regression,0.365,0.3247
Logistic Regression,0.3676,0.3247
Logistic Regression,0.363,0.3182
Logistic Regression,0.3657,0.3182
Logistic Regression,0.3684,0.3182
Logistic Regression,0.3636,0.3117
Logistic Regression,0.3664,0.3117
Logistic Regression,0.3615,0.3052
Logistic Regression,0.3566,0.2987
Logistic Regression,0.3594,0.2987
Logistic Regression,0.3622,0.2987
Logistic Regression,0.3571,0.2922
Logistic Regression,0.36,0.2922
Logistic Regression,0.3629,0.2922
Logistic Regression,0.3659,0.2922
Logistic Regression,0.3689,0.2922
Logistic Regression,0.3719,0.2922
Logistic Regression,0.3667,0.2857
Logistic Regression,0.3613,0.2792
Logistic Regression,0.3644,0.2792
Logistic Regression,0.3675,0.2792
Logistic Regression,0.3707,0.2792
Logistic Regression,0.3739,0.2792
Logistic Regression,0.3772,0.2792
Logistic Regression,0.3805,0.2792
Logistic Regression,0.375,0.2727
Logistic Regression,0.3784,0.2727
Logistic Regression,0.3818,0.2727
Logistic Regression,0.3853,0.2727
Logistic Regression,0.3889,0.2727
Logistic Regression,0.3925,0.2727
Logistic Regression,0.3962,0.2727
Logistic Regression,0.4,0.2727
Logistic Regression,0.4038,0.2727
Logistic Regression,0.4078,0.2727
Logistic Regression,0.4118,0.2727
Logistic Regression,0.4059,0.2662
Logistic Regression,0.41,0.2662
Logistic Regression,0.4141,0.2662
Logistic Regression,0.4184,0.2662
Logistic Regression,0.4124,0.2597
Logistic Regression,0.4167,0.2597
Logistic Regression,0.4105,0.2532
Logistic Regression,0.4149,0.2532
Logistic Regression,0.4194,0.2532
Logistic Regression,0.413,0.2468
Logistic Regression,0.4176,0.2468
Logistic Regression,0.4111,0.2403
Logistic Regression,0.4045,0.2338
Logistic Regression,0.3977,0.2273
Logistic Regression,0.3908,0.2208
Logistic Regression,0.3953,0.2208
Logistic Regression,0.3882,0.2143
Logistic Regression,0.381,0.2078
Logistic Regression,0.3855,0.2078
Logistic Regression,0.3902,0.2078
Logistic Regression,0.3951,0.2078
Logistic Regression,0.3875,0.2013
Logistic Regression,0.3924,0.2013
Logistic Regression,0.3974,0.2013
Logistic Regression,0.4026,0.2013
Logistic Regression,0.3947,0.1948
Logistic Regression,0.4,0.1948
Logistic Regression,0.3919,0.1883
Logistic Regression,0.3836,0.1818
Logistic Regression,0.3889,0.1818
Logistic Regression,0.3944,0.1818
Logistic Regression,0.4,0.1818
Logistic Regression,0.3913,0.1753
Logistic Regression,0.3971,0.1753
Logistic Regression,0.3881,0.1688
Logistic Regression,0.3939,0.1688
Logistic Regression,0.3846,0.1623
Logistic Regression,0.3906,0.1623
Logistic Regression,0.381,0.1558
Logistic Regression,0.3871,0.1558
Logistic Regression,0.3934,0.1558
Logistic Regression,0.4,0.1558
Logistic Regression,0.4068,0.1558
Logistic Regression,0.3966,0.1494
Logistic Regression,0.386,0.1429
Logistic Regression,0.3929,0.1429
Logistic Regression,0.3818,0.1364
Logistic Regression,0.3704,0.1299
Logistic Regression,0.3774,0.1299
Logistic Regression,0.3846,0.1299
Logistic Regression,0.3725,0.1234
Logistic Regression,0.38,0.1234
Logistic Regression,0.3878,0.1234
Logistic Regression,0.3958,0.1234
Logistic Regression,0.4043,0.1234
Logistic Regression,0.413,0.1234
Logistic Regression,0.4222,0.1234
Logistic Regression,0.4318,0.1234
Logistic Regression,0.4419,0.1234
Logistic Regression,0.4286,0.1169
Logistic Regression,0.439,0.1169
Logistic Regression,0.45,0.1169
Logistic Regression,0.4615,0.1169
Logistic Regression,0.4737,0.1169
Logistic Regression,0.4865,0.1169
Logistic Regression,0.4722,0.1104
Logistic Regression,0.4571,0.1039
Logistic Regression,0.4412,0.0974
Logistic Regression,0.4545,0.0974
Logistic Regression,0.4688,0.0974
Logistic Regression,0.4839,0.0974
Logistic Regression,0.4667,0.0909
Logistic Regression,0.4483,0.0844
Logistic Regression,0.4286,0.0779
Logistic Regression,0.4074,0.0714
Logistic Regression,0.3846,0.0649
Logistic Regression,0.4,0.0649
Logistic Regression,0.4167,0.0649
Logistic Regression,0.3913,0.0584
Logistic Regression,0.4091,0.0584
Logistic Regression,0.381,0.0519
Logistic Regression,0.4,0.0519
Logistic Regression,0.4211,0.0519
Logistic Regression,0.3889,0.0455
Logistic Regression,0.3529,0.039
Logistic Regression,0.375,0.039
Logistic Regression,0.3333,0.0325
Logistic Regression,0.3571,0.0325
Logistic Regression,0.3846,0.0325
Logistic Regression,0.4167,0.0325
Logistic Regression,0.4545,0.0325
Logistic Regression,0.5,0.0325
Logistic Regression,0.5556,0.0325
Logistic Regression,0.625,0.0325
Logistic Regression,0.5714,0.026
Logistic Regression,0.5,0.0195
Logistic Regression,0.4,0.013
Logistic Regression,0.5,0.013
Logistic Regression,0.3333,0.0065
Logistic Regression,0.5,0.0065
Logistic Regression,1.0,0.0065
Logistic Regression,1.0,0.0
Random Forest,0.1562,1.0
Random Forest,0.1563,1.0
Random Forest,0.1565,1.0
Random Forest,0.1567,1.0
Random Forest,0.1568,1.0
Random Forest,0.157,1.0
Random Forest,0.1571,1.0
Random Forest,0.1573,1.0
Random Forest,0.1575,1.0
Random Forest,0.1576,1.0
Random Forest,0.1578,1.0
Random Forest,0.1579,1.0
Random Forest,0.1581,1.0
Random Forest,0.1583,1.0
Random Forest,0.1584,1.0
Random Forest,0.1586,1.0
Random Forest,0.1577,0.9935
Random Forest,0.1579,0.9935
Random Forest,0.1581,0.9935
Random Forest,0.1582,0.9935
Random Forest,0.1584,0.9935
Random Forest,0.1585,0.9935
Random Forest,0.1587,0.9935
Random Forest,0.1589,0.9935
Random Forest,0.159,0.9935
Random Forest,0.1592,0.9935
Random Forest,0.1594,0.9935
Random Forest,0.1595,0.9935
Random Forest,0.1597,0.9935
Random Forest,0.1599,0.9935
Random Forest,0.16,0.9935
Random Forest,0.1602,0.9935
Random Forest,0.1604,0.9935
Random Forest,0.1605,0.9935
Random Forest,0.1607,0.9935
Random Forest,0.1609,0.9935
Random Forest,0.1611,0.9935
Random Forest,0.1612,0.9935
Random Forest,0.1614,0.9935
Random Forest,0.1616,0.9935
Random Forest,0.1617,0.9935
Random Forest,0.1619,0.9935
Random Forest,0.1621,0.9935
Random Forest,0.1622,0.9935
Random Forest,0.1624,0.9935
Random Forest,0.1626,0.9935
Random Forest,0.1628,0.9935
Random Forest,0.1629,0.9935
Random Forest,0.1631,0.9935
Random Forest,0.1633,0.9935
Random Forest,0.1635,0.9935
Random Forest,0.1636,0.9935
Random Forest,0.1638,0.9935
Random Forest,0.164,0.9935
Random Forest,0.1642,0.9935
Random Forest,0.1643,0.9935
Random Forest,0.1645,0.9935
Random Forest,0.1647,0.9935
Random Forest,0.1649,0.9935
Random Forest,0.164,0.987
Random Forest,0.1631,0.9805
Random Forest,0.1632,0.9805
Random Forest,0.1623,0.974
Random Forest,0.1625,0.974
Random Forest,0.1627,0.974
Random Forest,0.1629,0.974
Random Forest,0.163,0.974
Random Forest,0.1632,0.974
Random Forest,0.1634,0.974
Random Forest,0.1636,0.974
Random Forest,0.1638,0.974
Random Forest,0.1639,0.974
Random Forest,0.1641,0.974
Random Forest,0.1643,0.974
Random Forest,0.1645,0.974
Random Forest,0.1647,0.974
Random Forest,0.1648,0.974
Random Forest,0.165,0.974
Random Forest,0.1652,0.974
Random Forest,0.1654,0.974
Random Forest,0.1656,0.974
Random Forest,0.1657,0.974
Random Forest,0.1659,0.974
Random Forest,0.1661,0.974
Random Forest,0.1663,0.974
Random Forest,0.1665,0.974
Random Forest,0.1667,0.974
Random Forest,0.1669,0.974
Random Forest,0.167,0.974
Random Forest,0.1672,0.974
Random Forest,0.1674,0.974
Random Forest,0.1676,0.974
Random Forest,0.1678,0.974
Random Forest,0.168,0.974
Random Forest,0.1682,0.974
Random Forest,0.1684,0.974
Random Forest,0.1685,0.974
Random Forest,0.1676,0.9675
Random Forest,0.1678,0.9675
Random Forest,0.168,0.9675
Random Forest,0.1682,0.9675
Random Forest,0.1684,0.9675
Random Forest,0.1686,0.9675
Random Forest,0.1687,0.9675
Random Forest,0.1689,0.9675
Random Forest,0.1691,0.9675
Random Forest,0.1693,0.9675
Random Forest,0.1695,0.9675
Random Forest,0.1697,0.9675
Random Forest,0.1699,0.9675
Random Forest,0.1701,0.9675
Random Forest,0.1703,0.9675
Random Forest,0.1705,0.9675
Random Forest,0.1707,0.9675
Random Forest,0.1709,0.9675
Random Forest,0.1711,0.9675
Random Forest,0.1713,0.9675
Random Forest,0.1715,0.9675
Random Forest,0.1717,0.9675
Random Forest,0.1719,0.9675
Random Forest,0.1721,0.9675
Random Forest,0.1723,0.9675
Random Forest,0.1725,0.9675
Random Forest,0.1727,0.9675
Random Forest,0.1729,0.9675
Random Forest,0.1731,0.9675
Random Forest,0.1733,0.9675
Random Forest,0.1735,0.9675
Random Forest,0.1737,0.9675
Random Forest,0.1739,0.9675
Random Forest,0.1741,0.9675
Random Forest,0.1743,0.9675
Random Forest,0.1745,0.9675
Random Forest,0.1747,0.9675
Random Forest,0.1737,0.961
Random Forest,0.1739,0.961
Random Forest,0.1741,0.961
Random Forest,0.1743,0.961
Random Forest,0.1745,0.961
Random Forest,0.1747,0.961
Random Forest,0.1749,0.961
Random Forest,0.1751,0.961
Random Forest,0.1754,0.961
Random Forest,0.1756,0.961
Random Forest,0.1758,0.961
Random Forest,0.176,0.961
Random Forest,0.1762,0.961
Random Forest,0.1764,0.961
Random Forest,0.1766,0.961
Random Forest,0.1768,0.961
Random Forest,0.177,0.961
Random Forest,0.1772,0.961
Random Forest,0.1775,0.961
Random Forest,0.1777,0.961
Random Forest,0.1767,0.9545
Random Forest,0.1769,0.9545
Random Forest,0.1771,0.9545
Random Forest,0.1773,0.9545
Random Forest,0.1775,0.9545
Random Forest,0.1778,0.9545
Random Forest,0.178,0.9545
Random Forest,0.1782,0.9545
Random Forest,0.1784,0.9545
Random Forest,0.1786,0.9545
Random Forest,0.1788,0.9545
Random Forest,0.179,0.9545
Random Forest,0.1793,0.9545
Random Forest,0.1795,0.9545
Random Forest,0.1797,0.9545
Random Forest,0.1799,0.9545
Random Forest,0.1801,0.9545
Random Forest,0.1804,0.9545
Random Forest,0.1806,0.9545
Random Forest,0.1808,0.9545
Random Forest,0.181,0.9545
Random Forest,0.1813,0.9545
Random Forest,0.1815,0.9545
Random Forest,0.1817,0.9545
Random Forest,0.1819,0.9545
Random Forest,0.1809,0.9481
Random Forest,0.1811,0.9481
Random Forest,0.1814,0.9481
Random Forest,0.1816,0.9481
Random Forest,0.1818,0.9481
Random Forest,0.182,0.9481
Random Forest,0.1823,0.9481
Random Forest,0.1825,0.9481
Random Forest,0.1827,0.9481
Random Forest,0.183,0.9481
Random Forest,0.1832,0.9481
Random Forest,0.1834,0.9481
Random Forest,0.1836,0.9481
Random Forest,0.1839,0.9481
Random Forest,0.1841,0.9481
Random Forest,0.1843,0.9481
Random Forest,0.1846,0.9481
Random Forest,0.1848,0.9481
Random Forest,0.1838,0.9416
Random Forest,0.184,0.9416
Random Forest,0.1842,0.9416
Random Forest,0.1845,0.9416
Random Forest,0.1847,0.9416
Random Forest,0.1849,0.9416
Random Forest,0.1852,0.9416
Random Forest,0.1854,0.9416
Random Forest,0.1857,0.9416
Random Forest,0.1859,0.9416
Random Forest,0.1861,0.9416
Random Forest,0.1864,0.9416
Random Forest,0.1866,0.9416
Random Forest,0.1869,0.9416
Random Forest,0.1871,0.9416
Random Forest,0.1873,0.9416
Random Forest,0.1876,0.9416
Random Forest,0.1878,0.9416
Random Forest,0.1881,0.9416
Random Forest,0.1883,0.9416
Random Forest,0.1886,0.9416
Random Forest,0.1888,0.9416
Random Forest,0.189,0.9416
Random Forest,0.1893,0.9416
Random Forest,0.1882,0.9351
Random Forest,0.1885,0.9351
Random Forest,0.1887,0.9351
Random Forest,0.189,0.9351
Random Forest,0.1892,0.9351
Random Forest,0.1895,0.9351
Random Forest,0.1897,0.9351
Random Forest,0.19,0.9351
Random Forest,0.1902,0.9351
Random Forest,0.1905,0.9351
Random Forest,0.1907,0.9351
Random Forest,0.191,0.9351
Random Forest,0.1912,0.9351
Random Forest,0.1915,0.9351
Random Forest,0.1917,0.9351
Random Forest,0.192,0.9351
Random Forest,0.1909,0.9286
Random Forest,0.1912,0.9286
Random Forest,0.1914,0.9286
Random Forest,0.1917,0.9286
Random Forest,0.1919,0.9286
Random Forest,0.1909,0.9221
Random Forest,0.1911,0.9221
Random Forest,0.1914,0.9221
Random Forest,0.1916,0.9221
Random Forest,0.1919,0.9221
Random Forest,0.1922,0.9221
Random Forest,0.1924,0.9221
Random Forest,0.1927,0.9221
Random Forest,0.1916,0.9156
Random Forest,0.1918,0.9156
Random Forest,0.1921,0.9156
Random Forest,0.1924,0.9156
Random Forest,0.1926,0.9156
Random Forest,0.1929,0.9156
Random Forest,0.1932,0.9156
Random Forest,0.1934,0.9156
Random Forest,0.1937,0.9156
Random Forest,0.1939,0.9156
Random Forest,0.1942,0.9156
Random Forest,0.1945,0.9156
Random Forest,0.1948,0.9156
Random Forest,0.195,0.9156
Random Forest,0.1953,0.9156
Random Forest,0.1942,0.9091
Random Forest,0.1944,0.9091
Random Forest,0.1947,0.9091
Random Forest,0.195,0.9091
Random Forest,0.1953,0.9091
Random Forest,0.1955,0.9091
Random Forest,0.1958,0.9091
Random Forest,0.1961,0.9091
Random Forest,0.1964,0.9091
Random Forest,0.1966,0.9091
Random Forest,0.1969,0.9091
Random Forest,0.1972,0.9091
Random Forest,0.1975,0.9091
Random Forest,0.1977,0.9091
Random Forest,0.198,0.9091
Random Forest,0.1983,0.9091
Random Forest,0.1986,0.9091
Random Forest,0.1989,0.9091
Random Forest,0.1991,0.9091
Random Forest,0.1994,0.9091
Random Forest,0.1997,0.9091
Random Forest,0.2,0.9091
Random Forest,0.2003,0.9091
Random Forest,0.2006,0.9091
Random Forest,0.1994,0.9026
Random Forest,0.1997,0.9026
Random Forest,0.2,0.9026
Random Forest,0.1988,0.8961
Random Forest,0.1991,0.8961
Random Forest,0.1994,0.8961
Random Forest,0.1997,0.8961
Random Forest,0.2,0.8961
Random Forest,0.2003,0.8961
Random Forest,0.2006,0.8961
Random Forest,0.2009,0.8961
Random Forest,0.2012,0.8961
Random Forest,0.2015,0.8961
Random Forest,0.2018,0.8961
Random Forest,0.202,0.8961
Random Forest,0.2023,0.8961
Random Forest,0.2012,0.8896
Random Forest,0.2015,0.8896
Random Forest,0.2018,0.8896
Random Forest,0.2021,0.8896
Random Forest,0.2024,0.8896
Random Forest,0.2027,0.8896
Random Forest,0.203,0.8896
Random Forest,0.2033,0.8896
Random Forest,0.2036,0.8896
Random Forest,0.2039,0.8896
Random Forest,0.2042,0.8896
Random Forest,0.2045,0.8896
Random Forest,0.2048,0.8896
Random Forest,0.2051,0.8896
Random Forest,0.2054,0.8896
Random Forest,0.2057,0.8896
Random Forest,0.206,0.8896
Random Forest,0.2063,0.8896
Random Forest,0.2066,0.8896
Random Forest,0.2069,0.8896
Random Forest,0.2073,0.8896
Random Forest,0.2076,0.8896
Random Forest,0.2064,0.8831
Random Forest,0.2067,0.8831
Random Forest,0.207,0.8831
Random Forest,0.2073,0.8831
Random Forest,0.2076,0.8831
Random Forest,0.208,0.8831
Random Forest,0.2067,0.8766
Random Forest,0.2071,0.8766
Random Forest,0.2074,0.8766
Random Forest,0.2062,0.8701
Random Forest,0.2065,0.8701
Random Forest,0.2068,0.8701
Random Forest,0.2071,0.8701
Random Forest,0.2074,0.8701
Random Forest,0.2078,0.8701
Random Forest,0.2081,0.8701
Random Forest,0.2084,0.8701
Random Forest,0.2072,0.8636
Random Forest,0.2075,0.8636
Random Forest,0.2078,0.8636
Random Forest,0.2081,0.8636
Random Forest,0.2085,0.8636
Random Forest,0.2088,0.8636
Random Forest,0.2091,0.8636
Random Forest,0.2094,0.8636
Random Forest,0.2098,0.8636
Random Forest,0.2101,0.8636
Random Forest,0.2104,0.8636
Random Forest,0.2108,0.8636
Random Forest,0.2111,0.8636
Random Forest,0.2099,0.8571
Random Forest,0.2102,0.8571
Random Forest,0.2105,0.8571
Random Forest,0.2109,0.8571
Random Forest,0.2096,0.8506
Random Forest,0.2099,0.8506
Random Forest,0.2103,0.8506
Random Forest,0.2106,0.8506
Random Forest,0.211,0.8506
Random Forest,0.2113,0.8506
Random Forest,0.2116,0.8506
Random Forest,0.212,0.8506
Random Forest,0.2123,0.8506
Random Forest,0.2127,0.8506
Random Forest,0.213,0.8506
Random Forest,0.2134,0.8506
Random Forest,0.2137,0.8506
Random Forest,0.2141,0.8506
Random Forest,0.2144,0.8506
Random Forest,0.2148,0.8506
Random Forest,0.2151,0.8506
Random Forest,0.2155,0.8506
Random Forest,0.2142,0.8442
Random Forest,0.2145,0.8442
Random Forest,0.2149,0.8442
Random Forest,0.2152,0.8442
Random Forest,0.2156,0.8442
Random Forest,0.2159,0.8442
Random Forest,0.2163,0.8442
Random Forest,0.2167,0.8442
Random Forest,0.2154,0.8377
Random Forest,0.2157,0.8377
Random Forest,0.2161,0.8377
Random Forest,0.2164,0.8377
Random Forest,0.2168,0.8377
Random Forest,0.2172,0.8377
Random Forest,0.2175,0.8377
Random Forest,0.2179,0.8377
Random Forest,0.2183,0.8377
Random Forest,0.2186,0.8377
Random Forest,0.2173,0.8312
Random Forest,0.2177,0.8312
Random Forest,0.2181,0.8312
Random Forest,0.2167,0.8247
Random Forest,0.2171,0.8247
Random Forest,0.2158,0.8182
Random Forest,0.2161,0.8182
Random Forest,0.2165,0.8182
Random Forest,0.2169,0.8182
Random Forest,0.2172,0.8182
Random Forest,0.2176,0.8182
Random Forest,0.218,0.8182
Random Forest,0.2184,0.8182
Random Forest,0.2188,0.8182
Random Forest,0.2191,0.8182
Random Forest,0.2195,0.8182
Random Forest,0.2199,0.8182
Random Forest,0.2203,0.8182
Random Forest,0.2207,0.8182
Random Forest,0.2211,0.8182
Random Forest,0.2214,0.8182
Random Forest,0.2218,0.8182
Random Forest,0.2205,0.8117
Random Forest,0.2208,0.8117
Random Forest,0.2212,0.8117
Random Forest,0.2216,0.8117
Random Forest,0.222,0.8117
Random Forest,0.2206,0.8052
Random Forest,0.221,0.8052
Random Forest,0.2214,0.8052
Random Forest,0.2218,0.8052
Random Forest,0.2222,0.8052
Random Forest,0.2226,0.8052
Random Forest,0.223,0.8052
Random Forest,0.2234,0.8052
Random Forest,0.2238,0.8052
Random Forest,0.2224,0.7987
Random Forest,0.2228,0.7987
Random Forest,0.2232,0.7987
Random Forest,0.2236,0.7987
Random Forest,0.224,0.7987
Random Forest,0.2245,0.7987
Random Forest,0.2249,0.7987
Random Forest,0.2253,0.7987
Random Forest,0.2257,0.7987
Random Forest,0.2261,0.7987
Random Forest,0.2265,0.7987
Random Forest,0.2269,0.7987
Random Forest,0.2274,0.7987
Random Forest,0.2278,0.7987
Random Forest,0.2282,0.7987
Random Forest,0.2286,0.7987
Random Forest,0.2291,0.7987
Random Forest,0.2295,0.7987
Random Forest,0.2299,0.7987
Random Forest,0.2303,0.7987
Random Forest,0.2308,0.7987
Random Forest,0.2312,0.7987
Random Forest,0.2316,0.7987
Random Forest,0.2321,0.7987
Random Forest,0.2325,0.7987
Random Forest,0.2311,0.7922
Random Forest,0.2315,0.7922
Random Forest,0.2319,0.7922
Random Forest,0.2324,0.7922
Random Forest,0.2328,0.7922
Random Forest,0.2333,0.7922
Random Forest,0.2337,0.7922
Random Forest,0.2322,0.7857
Random Forest,0.2308,0.7792
Random Forest,0.2312,0.7792
Random Forest,0.2317,0.7792
Random Forest,0.2321,0.7792
Random Forest,0.2326,0.7792
Random Forest,0.233,0.7792
Random Forest,0.2335,0.7792
Random Forest,0.232,0.7727
Random Forest,0.2324,0.7727
Random Forest,0.2329,0.7727
Random Forest,0.2314,0.7662
Random Forest,0.2318,0.7662
Random Forest,0.2303,0.7597
Random Forest,0.2308,0.7597
Random Forest,0.2292,0.7532
Random Forest,0.2297,0.7532
Random Forest,0.2302,0.7532
Random Forest,0.2306,0.7532
Random Forest,0.2311,0.7532
Random Forest,0.2315,0.7532
Random Forest,0.232,0.7532
Random Forest,0.2325,0.7532
Random Forest,0.2329,0.7532
Random Forest,0.2334,0.7532
Random Forest,0.2339,0.7532
Random Forest,0.2343,0.7532
Random Forest,0.2348,0.7532
Random Forest,0.2353,0.7532
Random Forest,0.2358,0.7532
Random Forest,0.2363,0.7532
Random Forest,0.2367,0.7532
Random Forest,0.2372,0.7532
Random Forest,0.2377,0.7532
Random Forest,0.2382,0.7532
Random Forest,0.2387,0.7532
Random Forest,0.2392,0.7532
Random Forest,0.2397,0.7532
Random Forest,0.2402,0.7532
Random Forest,0.2407,0.7532
Random Forest,0.2412,0.7532
Random Forest,0.2396,0.7468
Random Forest,0.2401,0.7468
Random Forest,0.2406,0.7468
Random Forest,0.2411,0.7468
Random Forest,0.2416,0.7468
Random Forest,0.2421,0.7468
Random Forest,0.2405,0.7403
Random Forest,0.241,0.7403
Random Forest,0.2415,0.7403
Random Forest,0.242,0.7403
Random Forest,0.2426,0.7403
Random Forest,0.2431,0.7403
Random Forest,0.2436,0.7403
Random Forest,0.2441,0.7403
Random Forest,0.2425,0.7338
Random Forest,0.243,0.7338
Random Forest,0.2435,0.7338
Random Forest,0.2441,0.7338
Random Forest,0.2446,0.7338
Random Forest,0.2451,0.7338
Random Forest,0.2457,0.7338
Random Forest,0.2462,0.7338
Random Forest,0.2467,0.7338
Random Forest,0.2473,0.7338
Random Forest,0.2478,0.7338
Random Forest,0.2484,0.7338
Random Forest,0.2489,0.7338
Random Forest,0.2494,0.7338
Random Forest,0.25,0.7338
Random Forest,0.2506,0.7338
Random Forest,0.2511,0.7338
Random Forest,0.2517,0.7338
Random Forest,0.25,0.7273
Random Forest,0.2483,0.7208
Random Forest,0.2489,0.7208
Random Forest,0.2494,0.7208
Random Forest,0.25,0.7208
Random Forest,0.2506,0.7208
Random Forest,0.2511,0.7208
Random Forest,0.2517,0.7208
Random Forest,0.2523,0.7208
Random Forest,0.2528,0.7208
Random Forest,0.2534,0.7208
Random Forest,0.254,0.7208
Random Forest,0.2546,0.7208
Random Forest,0.2529,0.7143
Random Forest,0.2535,0.7143
Random Forest,0.2517,0.7078
Random Forest,0.2523,0.7078
Random Forest,0.2506,0.7013
Random Forest,0.2512,0.7013
Random Forest,0.2517,0.7013
Random Forest,0.2523,0.7013
Random Forest,0.2529,0.7013
Random Forest,0.2535,0.7013
Random Forest,0.2541,0.7013
Random Forest,0.2547,0.7013
Random Forest,0.2553,0.7013
Random Forest,0.2559,0.7013
Random Forest,0.2565,0.7013
Random Forest,0.2571,0.7013
Random Forest,0.2578,0.7013
Random Forest,0.2584,0.7013
Random Forest,0.259,0.7013
Random Forest,0.2572,0.6948
Random Forest,0.2578,0.6948
Random Forest,0.2585,0.6948
Random Forest,0.2567,0.6883
Random Forest,0.2573,0.6883
Random Forest,0.2579,0.6883
Random Forest,0.2585,0.6883
Random Forest,0.2592,0.6883
Random Forest,0.2598,0.6883
Random Forest,0.2604,0.6883
Random Forest,0.2586,0.6818
Random Forest,0.2593,0.6818
Random Forest,0.2599,0.6818
Random Forest,0.2605,0.6818
Random Forest,0.2587,0.6753
Random Forest,0.2569,0.6688
Random Forest,0.2575,0.6688
Random Forest,0.2581,0.6688
Random Forest,0.2588,0.6688
Random Forest,0.2594,0.6688
Random Forest,0.2576,0.6623
Random Forest,0.2582,0.6623
Random Forest,0.2589,0.6623
Random Forest,0.2595,0.6623
Random Forest,0.2577,0.6558
Random Forest,0.2583,0.6558
Random Forest,0.259,0.6558
Random Forest,0.2596,0.6558
Random Forest,0.2603,0.6558
Random Forest,0.261,0.6558
Random Forest,0.2617,0.6558
Random Forest,0.2597,0.6494
Random Forest,0.2604,0.6494
Random Forest,0.2585,0.6429
Random Forest,0.2592,0.6429
Random Forest,0.2598,0.6429
Random Forest,0.2605,0.6429
Random Forest,0.2586,0.6364
Random Forest,0.2593,0.6364
Random Forest,0.2599,0.6364
Random Forest,0.2606,0.6364
Random Forest,0.2587,0.6299
Random Forest,0.2594,0.6299
Random Forest,0.2601,0.6299
Random Forest,0.2608,0.6299
Random Forest,0.2588,0.6234
Random Forest,0.2595,0.6234
Random Forest,0.2602,0.6234
Random Forest,0.2609,0.6234
Random Forest,0.2616,0.6234
Random Forest,0.2623,0.6234
Random Forest,0.263,0.6234
Random Forest,0.2637,0.6234
Random Forest,0.2645,0.6234
Random Forest,0.2652,0.6234
Random Forest,0.2659,0.6234
Random Forest,0.2667,0.6234
Random Forest,0.2674,0.6234
Random Forest,0.2682,0.6234
Random Forest,0.2689,0.6234
Random Forest,0.2669,0.6169
Random Forest,0.2676,0.6169
Random Forest,0.2684,0.6169
Random Forest,0.2691,0.6169
Random Forest,0.2699,0.6169
Random Forest,0.2707,0.6169
Random Forest,0.2714,0.6169
Random Forest,0.2722,0.6169
Random Forest,0.273,0.6169
Random Forest,0.2709,0.6104
Random Forest,0.2717,0.6104
Random Forest,0.2725,0.6104
Random Forest,0.2733,0.6104
Random Forest,0.2741,0.6104
Random Forest,0.2749,0.6104
Random Forest,0.2757,0.6104
Random Forest,0.2765,0.6104
Random Forest,0.2773,0.6104
Random Forest,0.2781,0.6104
Random Forest,0.2789,0.6104
Random Forest,0.2798,0.6104
Random Forest,0.2806,0.6104
Random Forest,0.2784,0.6039
Random Forest,0.2793,0.6039
Random Forest,0.2801,0.6039
Random Forest,0.2779,0.5974
Random Forest,0.2788,0.5974
Random Forest,0.2796,0.5974
Random Forest,0.2774,0.5909
Random Forest,0.2783,0.5909
Random Forest,0.2791,0.5909
Random Forest,0.28,0.5909
Random Forest,0.2809,0.5909
Random Forest,0.2817,0.5909
Random Forest,0.2826,0.5909
Random Forest,0.2835,0.5909
Random Forest,0.2844,0.5909
Random Forest,0.2821,0.5844
Random Forest,0.283,0.5844
Random Forest,0.2839,0.5844
Random Forest,0.2848,0.5844
Random Forest,0.2857,0.5844
Random Forest,0.2866,0.5844
Random Forest,0.2843,0.5779
Random Forest,0.2853,0.5779
Random Forest,0.2862,0.5779
Random Forest,0.2871,0.5779
Random Forest,0.288,0.5779
Random Forest,0.289,0.5779
Random Forest,0.2899,0.5779
Random Forest,0.2876,0.5714
Random Forest,0.2852,0.5649
Random Forest,0.2829,0.5584
Random Forest,0.2838,0.5584
Random Forest,0.2848,0.5584
Random Forest,0.2857,0.5584
Random Forest,0.2833,0.5519
Random Forest,0.2843,0.5519
Random Forest,0.2819,0.5455
Random Forest,0.2828,0.5455
Random Forest,0.2838,0.5455
Random Forest,0.2847,0.5455
Random Forest,0.2857,0.5455
Random Forest,0.2867,0.5455
Random Forest,0.2842,0.539
Random Forest,0.2852,0.539
Random Forest,0.2828,0.5325
Random Forest,0.2803,0.526
Random Forest,0.2812,0.526
Random Forest,0.2822,0.526
Random Forest,0.2832,0.526
Random Forest,0.2842,0.526
Random Forest,0.2852,0.526
Random Forest,0.2862,0.526
Random Forest,0.2872,0.526
Random Forest,0.2883,0.526
Random Forest,0.2893,0.526
Random Forest,0.2903,0.526
Random Forest,0.2914,0.526
Random Forest,0.2924,0.526
Random Forest,0.2935,0.526
Random Forest,0.2945,0.526
Random Forest,0.2956,0.526
Random Forest,0.2967,0.526
Random Forest,0.2978,0.526
Random Forest,0.2952,0.5195
Random Forest,0.2963,0.5195
Random Forest,0.2974,0.5195
Random Forest,0.2985,0.5195
Random Forest,0.2996,0.5195
Random Forest,0.3008,0.5195
Random Forest,0.3019,0.5195
Random Forest,0.303,0.5195
Random Forest,0.3042,0.5195
Random Forest,0.3053,0.5195
Random Forest,0.3027,0.513
Random Forest,0.3038,0.513
Random Forest,0.305,0.513
Random Forest,0.3062,0.513
Random Forest,0.3074,0.513
Random Forest,0.3047,0.5065
Random Forest,0.302,0.5
Random Forest,0.2992,0.4935
Random Forest,0.3004,0.4935
Random Forest,0.3016,0.4935
Random Forest,0.3028,0.4935
Random Forest,0.304,0.4935
Random Forest,0.3012,0.487
Random Forest,0.3024,0.487
Random Forest,0.3036,0.487
Random Forest,0.3049,0.487
Random Forest,0.3061,0.487
Random Forest,0.3074,0.487
Random Forest,0.3086,0.487
Random Forest,0.3058,0.4805
Random Forest,0.3071,0.4805
Random Forest,0.3083,0.4805
Random Forest,0.3054,0.474
Random Forest,0.3067,0.474
Random Forest,0.3038,0.4675
Random Forest,0.3051,0.4675
Random Forest,0.3064,0.4675
Random Forest,0.3034,0.461
Random Forest,0.3047,0.461
Random Forest,0.3017,0.4545
Random Forest,0.303,0.4545
Random Forest,0.3,0.4481
Random Forest,0.3013,0.4481
Random Forest,0.2982,0.4416
Random Forest,0.2952,0.4351
Random Forest,0.2965,0.4351
Random Forest,0.2978,0.4351
Random Forest,0.2991,0.4351
Random Forest,0.3004,0.4351
Random Forest,0.3018,0.4351
Random Forest,0.3032,0.4351
Random Forest,0.3045,0.4351
Random Forest,0.3059,0.4351
Random Forest,0.3073,0.4351
Random Forest,0.3088,0.4351
Random Forest,0.3056,0.4286
Random Forest,0.307,0.4286
Random Forest,0.3037,0.4221
Random Forest,0.3052,0.4221
Random Forest,0.3066,0.4221
Random Forest,0.3081,0.4221
Random Forest,0.3048,0.4156
Random Forest,0.3062,0.4156
Random Forest,0.3077,0.4156
Random Forest,0.3092,0.4156
Random Forest,0.3107,0.4156
Random Forest,0.3122,0.4156
Random Forest,0.3137,0.4156
Random Forest,0.3153,0.4156
Random Forest,0.3168,0.4156
Random Forest,0.3184,0.4156
Random Forest,0.315,0.4091
Random Forest,0.3166,0.4091
Random Forest,0.3182,0.4091
Random Forest,0.3198,0.4091
Random Forest,0.3214,0.4091
Random Forest,0.3179,0.4026
Random Forest,0.3144,0.3961
Random Forest,0.3161,0.3961
Random Forest,0.3177,0.3961
Random Forest,0.3194,0.3961
Random Forest,0.3211,0.3961
Random Forest,0.3228,0.3961
Random Forest,0.3191,0.3896
Random Forest,0.3155,0.3831
Random Forest,0.3172,0.3831
Random Forest,0.3189,0.3831
Random Forest,0.3152,0.3766
Random Forest,0.3169,0.3766
Random Forest,0.3132,0.3701
Random Forest,0.3149,0.3701
Random Forest,0.3167,0.3701
Random Forest,0.3184,0.3701
Random Forest,0.3202,0.3701
Random Forest,0.322,0.3701
Random Forest,0.3239,0.3701
Random Forest,0.3257,0.3701
Random Forest,0.3276,0.3701
Random Forest,0.3237,0.3636
Random Forest,0.3256,0.3636
Random Forest,0.3275,0.3636
Random Forest,0.3294,0.3636
Random Forest,0.3314,0.3636
Random Forest,0.3333,0.3636
Random Forest,0.3353,0.3636
Random Forest,0.3313,0.3571
Random Forest,0.3333,0.3571
Random Forest,0.3354,0.3571
Random Forest,0.3313,0.3506
Random Forest,0.3272,0.3442
Random Forest,0.3292,0.3442
Random Forest,0.325,0.3377
Random Forest,0.327,0.3377
Random Forest,0.3228,0.3312
Random Forest,0.3185,0.3247
Random Forest,0.3205,0.3247
Random Forest,0.3226,0.3247
Random Forest,0.3247,0.3247
Random Forest,0.3203,0.3182
Random Forest,0.3158,0.3117
Random Forest,0.3179,0.3117
Random Forest,0.3133,0.3052
Random Forest,0.3087,0.2987
Random Forest,0.3108,0.2987
Random Forest,0.3129,0.2987
Random Forest,0.3151,0.2987
Random Forest,0.3172,0.2987
Random Forest,0.3194,0.2987
Random Forest,0.3217,0.2987
Random Forest,0.3239,0.2987
Random Forest,0.3262,0.2987
Random Forest,0.3286,0.2987
Random Forest,0.3309,0.2987
Random Forest,0.3333,0.2987
Random Forest,0.3358,0.2987
Random Forest,0.3382,0.2987
Random Forest,0.3333,0.2922
Random Forest,0.3284,0.2857
Random Forest,0.3308,0.2857
Random Forest,0.3333,0.2857
Random Forest,0.3282,0.2792
Random Forest,0.3231,0.2727
Random Forest,0.3256,0.2727
Random Forest,0.3281,0.2727
Random Forest,0.3307,0.2727
Random Forest,0.3254,0.2662
Random Forest,0.328,0.2662
Random Forest,0.3226,0.2597
Random Forest,0.3252,0.2597
Random Forest,0.3279,0.2597
Random Forest,0.3306,0.2597
Random Forest,0.325,0.2532
Random Forest,0.3193,0.2468
Random Forest,0.322,0.2468
Random Forest,0.3248,0.2468
Random Forest,0.3276,0.2468
Random Forest,0.3304,0.2468
Random Forest,0.3333,0.2468
Random Forest,0.3274,0.2403
Random Forest,0.3304,0.2403
Random Forest,0.3333,0.2403
Random Forest,0.3364,0.2403
Random Forest,0.3394,0.2403
Random Forest,0.3333,0.2338
Random Forest,0.3364,0.2338
Random Forest,0.3396,0.2338
Random Forest,0.3429,0.2338
Random Forest,0.3462,0.2338
Random Forest,0.3495,0.2338
Random Forest,0.3529,0.2338
Random Forest,0.3564,0.2338
Random Forest,0.36,0.2338
Random Forest,0.3636,0.2338
Random Forest,0.3673,0.2338
Random Forest,0.3711,0.2338
Random Forest,0.375,0.2338
Random Forest,0.3789,0.2338
Random Forest,0.3723,0.2273
Random Forest,0.3656,0.2208
Random Forest,0.3696,0.2208
Random Forest,0.3736,0.2208
Random Forest,0.3778,0.2208
Random Forest,0.382,0.2208
Random Forest,0.3864,0.2208
Random Forest,0.3793,0.2143
Random Forest,0.3721,0.2078
Random Forest,0.3765,0.2078
Random Forest,0.381,0.2078
Random Forest,0.3855,0.2078
Random Forest,0.3902,0.2078
Random Forest,0.3951,0.2078
Random Forest,0.4,0.2078
Random Forest,0.3924,0.2013
Random Forest,0.3974,0.2013
Random Forest,0.4026,0.2013
Random Forest,0.4079,0.2013
Random Forest,0.4133,0.2013
Random Forest,0.4189,0.2013
Random Forest,0.411,0.1948
Random Forest,0.4167,0.1948
Random Forest,0.4225,0.1948
Random Forest,0.4286,0.1948
Random Forest,0.4203,0.1883
Random Forest,0.4265,0.1883
Random Forest,0.4328,0.1883
Random Forest,0.4394,0.1883
Random Forest,0.4462,0.1883
Random Forest,0.4375,0.1818
Random Forest,0.4286,0.1753
Random Forest,0.4355,0.1753
Random Forest,0.4262,0.1688
Random Forest,0.4167,0.1623
Random Forest,0.4237,0.1623
Random Forest,0.431,0.1623
Random Forest,0.4386,0.1623
Random Forest,0.4286,0.1558
Random Forest,0.4364,0.1558
Random Forest,0.4444,0.1558
Random Forest,0.4528,0.1558
Random Forest,0.4423,0.1494
Random Forest,0.451,0.1494
Random Forest,0.46,0.1494
Random Forest,0.449,0.1429
Random Forest,0.4375,0.1364
Random Forest,0.4255,0.1299
Random Forest,0.4348,0.1299
Random Forest,0.4222,0.1234
Random Forest,0.4091,0.1169
Random Forest,0.4186,0.1169
Random Forest,0.4286,0.1169
Random Forest,0.4146,0.1104
Random Forest,0.4,0.1039
Random Forest,0.4103,0.1039
Random Forest,0.4211,0.1039
Random Forest,0.4324,0.1039
Random Forest,0.4444,0.1039
Random Forest,0.4571,0.1039
Random Forest,0.4412,0.0974
Random Forest,0.4545,0.0974
Random Forest,0.4688,0.0974
Random Forest,0.4516,0.0909
Random Forest,0.4667,0.0909
Random Forest,0.4828,0.0909
Random Forest,0.4643,0.0844
Random Forest,0.4444,0.0779
Random Forest,0.4615,0.0779
Random Forest,0.48,0.0779
Random Forest,0.4583,0.0714
Random Forest,0.4348,0.0649
Random Forest,0.4545,0.0649
Random Forest,0.4762,0.0649
Random Forest,0.45,0.0584
Random Forest,0.4211,0.0519
Random Forest,0.3889,0.0455
Random Forest,0.4118,0.0455
Random Forest,0.4375,0.0455
Random Forest,0.4667,0.0455
Random Forest,0.5,0.0455
Random Forest,0.4615,0.039
Random Forest,0.5,0.039
Random Forest,0.5455,0.039
Random Forest,0.5,0.0325
Random Forest,0.5556,0.0325
Random Forest,0.5,0.026
Random Forest,0.4286,0.0195
Random Forest,0.3333,0.013
Random Forest,0.4,0.013
Random Forest,0.5,0.013
Random Forest,0.3333,0.0065
Random Forest,0.5,0.0065
Random Forest,0.0,0.0
Random Forest,1.0,0.0
Gradient Boosting,0.1562,1.0
Gradient Boosting,0.1563,1.0
Gradient Boosting,0.1565,1.0
Gradient Boosting,0.157,1.0
Gradient Boosting,0.1573,1.0
Gradient Boosting,0.1575,1.0
Gradient Boosting,0.1576,1.0
Gradient Boosting,0.1578,1.0
Gradient Boosting,0.1579,1.0
Gradient Boosting,0.1764,0.9416
Gradient Boosting,0.1777,0.9416
Gradient Boosting,0.1781,0.9416
Gradient Boosting,0.1786,0.9416
Gradient Boosting,0.1788,0.9416
Gradient Boosting,0.179,0.9416
Gradient Boosting,0.1795,0.9416
Gradient Boosting,0.1791,0.9351
Gradient Boosting,0.1786,0.9221
Gradient Boosting,0.1808,0.9156
Gradient Boosting,0.181,0.9156
Gradient Boosting,0.1817,0.9156
Gradient Boosting,0.1809,0.9091
Gradient Boosting,0.1819,0.9026
Gradient Boosting,0.1817,0.8896
Gradient Boosting,0.1819,0.8896
Gradient Boosting,0.1809,0.8831
Gradient Boosting,0.1826,0.8831
Gradient Boosting,0.1828,0.8831
Gradient Boosting,0.183,0.8831
Gradient Boosting,0.1833,0.8831
Gradient Boosting,0.1835,0.8831
Gradient Boosting,0.1838,0.8831
Gradient Boosting,0.184,0.8831
Gradient Boosting,0.1834,0.8766
Gradient Boosting,0.1837,0.8766
Gradient Boosting,0.1842,0.8766
Gradient Boosting,0.1862,0.8766
Gradient Boosting,0.1865,0.8766
Gradient Boosting,0.1867,0.8766
Gradient Boosting,0.1859,0.8701
Gradient Boosting,0.1864,0.8701
Gradient Boosting,0.1869,0.8701
Gradient Boosting,0.1872,0.8701
Gradient Boosting,0.1874,0.8701
Gradient Boosting,0.1877,0.8701
Gradient Boosting,0.1879,0.8701
Gradient Boosting,0.1882,0.8701
Gradient Boosting,0.189,0.8701
Gradient Boosting,0.1895,0.8701
Gradient Boosting,0.1898,0.8701
Gradient Boosting,0.1901,0.8701
Gradient Boosting,0.1931,0.8701
Gradient Boosting,0.1919,0.8636
Gradient Boosting,0.1922,0.8636
Gradient Boosting,0.1928,0.8636
Gradient Boosting,0.1924,0.8571
Gradient Boosting,0.1915,0.8506
Gradient Boosting,0.1918,0.8506
Gradient Boosting,0.1921,0.8506
Gradient Boosting,0.1924,0.8506
Gradient Boosting,0.1926,0.8506
Gradient Boosting,0.1929,0.8506
Gradient Boosting,0.1932,0.8506
Gradient Boosting,0.1935,0.8506
Gradient Boosting,0.1938,0.8506
Gradient Boosting,0.1941,0.8506
Gradient Boosting,0.1944,0.8506
Gradient Boosting,0.1947,0.8506
Gradient Boosting,0.1949,0.8506
Gradient Boosting,0.1952,0.8506
Gradient Boosting,0.1955,0.8506
Gradient Boosting,0.1958,0.8506
Gradient Boosting,0.1946,0.8442
Gradient Boosting,0.1949,0.8442
Gradient Boosting,0.1937,0.8377
Gradient Boosting,0.194,0.8377
Gradient Boosting,0.1943,0.8377
Gradient Boosting,0.1946,0.8377
Gradient Boosting,0.1949,0.8377
Gradient Boosting,0.1952,0.8377
Gradient Boosting,0.1955,0.8377
Gradient Boosting,0.1958,0.8377
Gradient Boosting,0.196,0.8377
Gradient Boosting,0.1954,0.8312
Gradient Boosting,0.196,0.8312
Gradient Boosting,0.1963,0.8312
Gradient Boosting,0.1966,0.8312
Gradient Boosting,0.1969,0.8312
Gradient Boosting,0.1972,0.8312
Gradient Boosting,0.1975,0.8312
Gradient Boosting,0.1978,0.8312
Gradient Boosting,0.1981,0.8312
Gradient Boosting,0.1984,0.8312
Gradient Boosting,0.1988,0.8312
Gradient Boosting,0.1991,0.8312
Gradient Boosting,0.1994,0.8312
Gradient Boosting,0.1997,0.8312
Gradient Boosting,0.2,0.8312
Gradient Boosting,0.2003,0.8312
Gradient Boosting,0.1997,0.8247
Gradient Boosting,0.2,0.8247
Gradient Boosting,0.2003,0.8247
Gradient Boosting,0.2006,0.8247
Gradient Boosting,0.2009,0.8247
Gradient Boosting,0.2013,0.8247
Gradient Boosting,0.2016,0.8247
Gradient Boosting,0.2019,0.8247
Gradient Boosting,0.2022,0.8247
Gradient Boosting,0.2026,0.8247
Gradient Boosting,0.2029,0.8247
Gradient Boosting,0.2032,0.8247
Gradient Boosting,0.2019,0.8182
Gradient Boosting,0.2022,0.8182
Gradient Boosting,0.2026,0.8182
Gradient Boosting,0.2029,0.8182
Gradient Boosting,0.2036,0.8182
Gradient Boosting,0.2039,0.8182
Gradient Boosting,0.2042,0.8182
Gradient Boosting,0.2049,0.8182
Gradient Boosting,0.2052,0.8182
Gradient Boosting,0.2055,0.8182
Gradient Boosting,0.2059,0.8182
Gradient Boosting,0.2066,0.8182
Gradient Boosting,0.2158,0.8182
Gradient Boosting,0.2161,0.8182
Gradient Boosting,0.2165,0.8182
Gradient Boosting,0.2169,0.8182
Gradient Boosting,0.2176,0.8182
Gradient Boosting,0.218,0.8182
Gradient Boosting,0.2184,0.8182
Gradient Boosting,0.2188,0.8182
Gradient Boosting,0.2191,0.8182
Gradient Boosting,0.2195,0.8182
Gradient Boosting,0.2199,0.8182
Gradient Boosting,0.2203,0.8182
Gradient Boosting,0.2207,0.8182
Gradient Boosting,0.2211,0.8182
Gradient Boosting,0.2214,0.8182
Gradient Boosting,0.2218,0.8182
Gradient Boosting,0.2222,0.8182
Gradient Boosting,0.2226,0.8182
Gradient Boosting,0.223,0.8182
Gradient Boosting,0.2234,0.8182
Gradient Boosting,0.2238,0.8182
Gradient Boosting,0.2242,0.8182
Gradient Boosting,0.2246,0.8182
Gradient Boosting,0.2232,0.8117
Gradient Boosting,0.2236,0.8117
Gradient Boosting,0.224,0.8117
Gradient Boosting,0.2244,0.8117
Gradient Boosting,0.2248,0.8117
Gradient Boosting,0.2252,0.8117
Gradient Boosting,0.2256,0.8117
Gradient Boosting,0.226,0.8117
Gradient Boosting,0.2269,0.8117
Gradient Boosting,0.2273,0.8117
Gradient Boosting,0.2281,0.8117
Gradient Boosting,0.2285,0.8117
Gradient Boosting,0.2289,0.8117
Gradient Boosting,0.2294,0.8117
Gradient Boosting,0.2298,0.8117
Gradient Boosting,0.2306,0.8117
Gradient Boosting,0.2311,0.8117
Gradient Boosting,0.2315,0.8117
Gradient Boosting,0.2319,0.8117
Gradient Boosting,0.2323,0.8117
Gradient Boosting,0.2328,0.8117
Gradient Boosting,0.2332,0.8117
Gradient Boosting,0.2336,0.8117
Gradient Boosting,0.2341,0.8117
Gradient Boosting,0.2345,0.8117
Gradient Boosting,0.235,0.8117
Gradient Boosting,0.2354,0.8117
Gradient Boosting,0.2358,0.8117
Gradient Boosting,0.2363,0.8117
Gradient Boosting,0.2367,0.8117
Gradient Boosting,0.2372,0.8117
Gradient Boosting,0.2362,0.8052
Gradient Boosting,0.2366,0.8052
Gradient Boosting,0.2375,0.8052
Gradient Boosting,0.238,0.8052
Gradient Boosting,0.2385,0.8052
Gradient Boosting,0.237,0.7987
Gradient Boosting,0.2375,0.7987
Gradient Boosting,0.2379,0.7987
Gradient Boosting,0.2364,0.7922
Gradient Boosting,0.2369,0.7922
Gradient Boosting,0.2374,0.7922
Gradient Boosting,0.2378,0.7922
Gradient Boosting,0.2383,0.7922
Gradient Boosting,0.2387,0.7922
Gradient Boosting,0.2392,0.7922
Gradient Boosting,0.2397,0.7922
Gradient Boosting,0.2402,0.7922
Gradient Boosting,0.2406,0.7922
Gradient Boosting,0.2411,0.7922
Gradient Boosting,0.2396,0.7857
Gradient Boosting,0.2401,0.7857
Gradient Boosting,0.2406,0.7857
Gradient Boosting,0.241,0.7857
Gradient Boosting,0.2415,0.7857
Gradient Boosting,0.242,0.7857
Gradient Boosting,0.2425,0.7857
Gradient Boosting,0.241,0.7792
Gradient Boosting,0.2414,0.7792
Gradient Boosting,0.2419,0.7792
Gradient Boosting,0.2424,0.7792
Gradient Boosting,0.2429,0.7792
Gradient Boosting,0.2414,0.7727
Gradient Boosting,0.2419,0.7727
Gradient Boosting,0.2424,0.7727
Gradient Boosting,0.2429,0.7727
Gradient Boosting,0.2434,0.7727
Gradient Boosting,0.2439,0.7727
Gradient Boosting,0.2444,0.7727
Gradient Boosting,0.2449,0.7727
Gradient Boosting,0.2454,0.7727
Gradient Boosting,0.2459,0.7727
Gradient Boosting,0.2443,0.7662
Gradient Boosting,0.2448,0.7662
Gradient Boosting,0.2453,0.7662
Gradient Boosting,0.2458,0.7662
Gradient Boosting,0.2463,0.7662
Gradient Boosting,0.2469,0.7662
Gradient Boosting,0.2474,0.7662
Gradient Boosting,0.2479,0.7662
Gradient Boosting,0.2484,0.7662
Gradient Boosting,0.2489,0.7662
Gradient Boosting,0.2474,0.7597
Gradient Boosting,0.2458,0.7532
Gradient Boosting,0.2463,0.7532
Gradient Boosting,0.2468,0.7532
Gradient Boosting,0.2473,0.7532
Gradient Boosting,0.2479,0.7532
Gradient Boosting,0.2484,0.7532
Gradient Boosting,0.2489,0.7532
Gradient Boosting,0.2495,0.7532
Gradient Boosting,0.25,0.7532
Gradient Boosting,0.2505,0.7532
Gradient Boosting,0.2511,0.7532
Gradient Boosting,0.2516,0.7532
Gradient Boosting,0.25,0.7468
Gradient Boosting,0.2505,0.7468
Gradient Boosting,0.2511,0.7468
Gradient Boosting,0.2516,0.7468
Gradient Boosting,0.2522,0.7468
Gradient Boosting,0.2527,0.7468
Gradient Boosting,0.2533,0.7468
Gradient Boosting,0.2539,0.7468
Gradient Boosting,0.2544,0.7468
Gradient Boosting,0.255,0.7468
Gradient Boosting,0.2533,0.7403
Gradient Boosting,0.2539,0.7403
Gradient Boosting,0.2545,0.7403
Gradient Boosting,0.255,0.7403
Gradient Boosting,0.2556,0.7403
Gradient Boosting,0.2562,0.7403
Gradient Boosting,0.2568,0.7403
Gradient Boosting,0.2573,0.7403
Gradient Boosting,0.2579,0.7403
Gradient Boosting,0.2585,0.7403
Gradient Boosting,0.2591,0.7403
Gradient Boosting,0.2597,0.7403
Gradient Boosting,0.258,0.7338
Gradient Boosting,0.2586,0.7338
Gradient Boosting,0.2592,0.7338
Gradient Boosting,0.2598,0.7338
Gradient Boosting,0.261,0.7338
Gradient Boosting,0.2616,0.7338
Gradient Boosting,0.2622,0.7338
Gradient Boosting,0.2628,0.7338
Gradient Boosting,0.2634,0.7338
Gradient Boosting,0.264,0.7338
Gradient Boosting,0.2646,0.7338
Gradient Boosting,0.2653,0.7338
Gradient Boosting,0.2659,0.7338
Gradient Boosting,0.2665,0.7338
Gradient Boosting,0.2671,0.7338
Gradient Boosting,0.2678,0.7338
Gradient Boosting,0.2684,0.7338
Gradient Boosting,0.269,0.7338
Gradient Boosting,0.2697,0.7338
Gradient Boosting,0.2679,0.7273
Gradient Boosting,0.2686,0.7273
Gradient Boosting,0.2692,0.7273
Gradient Boosting,0.2699,0.7273
Gradient Boosting,0.2705,0.7273
Gradient Boosting,0.2725,0.7273
Gradient Boosting,0.2732,0.7273
Gradient Boosting,0.2738,0.7273
Gradient Boosting,0.2745,0.7273
Gradient Boosting,0.2727,0.7208
Gradient Boosting,0.2734,0.7208
Gradient Boosting,0.2741,0.7208
Gradient Boosting,0.2748,0.7208
Gradient Boosting,0.2754,0.7208
Gradient Boosting,0.2761,0.7208
Gradient Boosting,0.2768,0.7208
Gradient Boosting,0.2775,0.7208
Gradient Boosting,0.2782,0.7208
Gradient Boosting,0.2764,0.7143
Gradient Boosting,0.2771,0.7143
Gradient Boosting,0.2778,0.7143
Gradient Boosting,0.2785,0.7143
Gradient Boosting,0.2766,0.7078
Gradient Boosting,0.2774,0.7078
Gradient Boosting,0.2781,0.7078
Gradient Boosting,0.2788,0.7078
Gradient Boosting,0.2795,0.7078
Gradient Boosting,0.2802,0.7078
Gradient Boosting,0.2784,0.7013
Gradient Boosting,0.2791,0.7013
Gradient Boosting,0.2798,0.7013
Gradient Boosting,0.2779,0.6948
Gradient Boosting,0.276,0.6883
Gradient Boosting,0.2768,0.6883
Gradient Boosting,0.2775,0.6883
Gradient Boosting,0.2782,0.6883
Gradient Boosting,0.2789,0.6883
Gradient Boosting,0.277,0.6818
Gradient Boosting,0.2778,0.6818
Gradient Boosting,0.2785,0.6818
Gradient Boosting,0.2793,0.6818
Gradient Boosting,0.2773,0.6753
Gradient Boosting,0.2754,0.6688
Gradient Boosting,0.2761,0.6688
Gradient Boosting,0.2769,0.6688
Gradient Boosting,0.2749,0.6623
Gradient Boosting,0.2757,0.6623
Gradient Boosting,0.2764,0.6623
Gradient Boosting,0.2772,0.6623
Gradient Boosting,0.2779,0.6623
Gradient Boosting,0.276,0.6558
Gradient Boosting,0.274,0.6494
Gradient Boosting,0.2747,0.6494
Gradient Boosting,0.2755,0.6494
Gradient Boosting,0.2762,0.6494
Gradient Boosting,0.277,0.6494
Gradient Boosting,0.2778,0.6494
Gradient Boosting,0.2786,0.6494
Gradient Boosting,0.2793,0.6494
Gradient Boosting,0.2801,0.6494
Gradient Boosting,0.2809,0.6494
Gradient Boosting,0.2817,0.6494
Gradient Boosting,0.2825,0.6494
Gradient Boosting,0.2805,0.6429
Gradient Boosting,0.2784,0.6364
Gradient Boosting,0.2764,0.6299
Gradient Boosting,0.2771,0.6299
Gradient Boosting,0.2779,0.6299
Gradient Boosting,0.2787,0.6299
Gradient Boosting,0.2795,0.6299
Gradient Boosting,0.2803,0.6299
Gradient Boosting,0.2812,0.6299
Gradient Boosting,0.282,0.6299
Gradient Boosting,0.2828,0.6299
Gradient Boosting,0.2836,0.6299
Gradient Boosting,0.2845,0.6299
Gradient Boosting,0.2853,0.6299
Gradient Boosting,0.2832,0.6234
Gradient Boosting,0.284,0.6234
Gradient Boosting,0.2849,0.6234
Gradient Boosting,0.2857,0.6234
Gradient Boosting,0.2866,0.6234
Gradient Boosting,0.2844,0.6169
Gradient Boosting,0.2853,0.6169
Gradient Boosting,0.2861,0.6169
Gradient Boosting,0.287,0.6169
Gradient Boosting,0.2879,0.6169
Gradient Boosting,0.2888,0.6169
Gradient Boosting,0.2866,0.6104
Gradient Boosting,0.2844,0.6039
Gradient Boosting,0.2822,0.5974
Gradient Boosting,0.2831,0.5974
Gradient Boosting,0.284,0.5974
Gradient Boosting,0.2848,0.5974
Gradient Boosting,0.2857,0.5974
Gradient Boosting,0.2866,0.5974
Gradient Boosting,0.2875,0.5974
Gradient Boosting,0.2853,0.5909
Gradient Boosting,0.2862,0.5909
Gradient Boosting,0.2871,0.5909
Gradient Boosting,0.288,0.5909
Gradient Boosting,0.2857,0.5844
Gradient Boosting,0.2866,0.5844
Gradient Boosting,0.2875,0.5844
Gradient Boosting,0.2885,0.5844
Gradient Boosting,0.2894,0.5844
Gradient Boosting,0.2903,0.5844
Gradient Boosting,0.2913,0.5844
Gradient Boosting,0.2922,0.5844
Gradient Boosting,0.2932,0.5844
Gradient Boosting,0.2908,0.5779
Gradient Boosting,0.2918,0.5779
Gradient Boosting,0.2928,0.5779
Gradient Boosting,0.2937,0.5779
Gradient Boosting,0.2947,0.5779
Gradient Boosting,0.2957,0.5779
Gradient Boosting,0.2967,0.5779
Gradient Boosting,0.2977,0.5779
Gradient Boosting,0.2987,0.5779
Gradient Boosting,0.2997,0.5779
Gradient Boosting,0.3007,0.5779
Gradient Boosting,0.3017,0.5779
Gradient Boosting,0.3027,0.5779
Gradient Boosting,0.3038,0.5779
Gradient Boosting,0.3048,0.5779
Gradient Boosting,0.3058,0.5779
Gradient Boosting,0.3069,0.5779
Gradient Boosting,0.308,0.5779
Gradient Boosting,0.3056,0.5714
Gradient Boosting,0.3031,0.5649
Gradient Boosting,0.3042,0.5649
Gradient Boosting,0.3018,0.5584
Gradient Boosting,0.3028,0.5584
Gradient Boosting,0.3039,0.5584
Gradient Boosting,0.305,0.5584
Gradient Boosting,0.306,0.5584
Gradient Boosting,0.3071,0.5584
Gradient Boosting,0.3082,0.5584
Gradient Boosting,0.3094,0.5584
Gradient Boosting,0.3069,0.5519
Gradient Boosting,0.308,0.5519
Gradient Boosting,0.3091,0.5519
Gradient Boosting,0.3066,0.5455
Gradient Boosting,0.3077,0.5455
Gradient Boosting,0.3088,0.5455
Gradient Boosting,0.3063,0.539
Gradient Boosting,0.3074,0.539
Gradient Boosting,0.3086,0.539
Gradient Boosting,0.3097,0.539
Gradient Boosting,0.3109,0.539
Gradient Boosting,0.3083,0.5325
Gradient Boosting,0.3094,0.5325
Gradient Boosting,0.3106,0.5325
Gradient Boosting,0.3118,0.5325
Gradient Boosting,0.3092,0.526
Gradient Boosting,0.3103,0.526
Gradient Boosting,0.3115,0.526
Gradient Boosting,0.3127,0.526
Gradient Boosting,0.314,0.526
Gradient Boosting,0.3152,0.526
Gradient Boosting,0.3125,0.5195
Gradient Boosting,0.3137,0.5195
Gradient Boosting,0.315,0.5195
Gradient Boosting,0.3162,0.5195
Gradient Boosting,0.3175,0.5195
Gradient Boosting,0.3187,0.5195
Gradient Boosting,0.32,0.5195
Gradient Boosting,0.3213,0.5195
Gradient Boosting,0.3226,0.5195
Gradient Boosting,0.3198,0.513
Gradient Boosting,0.3211,0.513
Gradient Boosting,0.3224,0.513
Gradient Boosting,0.3238,0.513
Gradient Boosting,0.3251,0.513
Gradient Boosting,0.3264,0.513
Gradient Boosting,0.3237,0.5065
Gradient Boosting,0.325,0.5065
Gradient Boosting,0.3264,0.5065
Gradient Boosting,0.3277,0.5065
Gradient Boosting,0.3291,0.5065
Gradient Boosting,0.3263,0.5
Gradient Boosting,0.3277,0.5
Gradient Boosting,0.3248,0.4935
Gradient Boosting,0.3219,0.487
Gradient Boosting,0.319,0.4805
Gradient Boosting,0.3203,0.4805
Gradient Boosting,0.3217,0.4805
Gradient Boosting,0.3231,0.4805
Gradient Boosting,0.3246,0.4805
Gradient Boosting,0.326,0.4805
Gradient Boosting,0.3274,0.4805
Gradient Boosting,0.3244,0.474
Gradient Boosting,0.3214,0.4675
Gradient Boosting,0.3184,0.461
Gradient Boosting,0.3198,0.461
Gradient Boosting,0.3213,0.461
Gradient Boosting,0.3182,0.4545
Gradient Boosting,0.3196,0.4545
Gradient Boosting,0.3165,0.4481
Gradient Boosting,0.3134,0.4416
Gradient Boosting,0.3148,0.4416
Gradient Boosting,0.3116,0.4351
Gradient Boosting,0.3131,0.4351
Gradient Boosting,0.3146,0.4351
Gradient Boosting,0.316,0.4351
Gradient Boosting,0.3128,0.4286
Gradient Boosting,0.3143,0.4286
Gradient Boosting,0.3158,0.4286
Gradient Boosting,0.3173,0.4286
Gradient Boosting,0.3188,0.4286
Gradient Boosting,0.3204,0.4286
Gradient Boosting,0.3171,0.4221
Gradient Boosting,0.3186,0.4221
Gradient Boosting,0.3153,0.4156
Gradient Boosting,0.3168,0.4156
Gradient Boosting,0.3184,0.4156
Gradient Boosting,0.32,0.4156
Gradient Boosting,0.3216,0.4156
Gradient Boosting,0.3182,0.4091
Gradient Boosting,0.3147,0.4026
Gradient Boosting,0.3163,0.4026
Gradient Boosting,0.3128,0.3961
Gradient Boosting,0.3093,0.3896
Gradient Boosting,0.3109,0.3896
Gradient Boosting,0.3125,0.3896
Gradient Boosting,0.3141,0.3896
Gradient Boosting,0.3105,0.3831
Gradient Boosting,0.3122,0.3831
Gradient Boosting,0.3138,0.3831
Gradient Boosting,0.3155,0.3831
Gradient Boosting,0.3172,0.3831
Gradient Boosting,0.3189,0.3831
Gradient Boosting,0.3207,0.3831
Gradient Boosting,0.3224,0.3831
Gradient Boosting,0.3242,0.3831
Gradient Boosting,0.326,0.3831
Gradient Boosting,0.3278,0.3831
Gradient Boosting,0.3296,0.3831
Gradient Boosting,0.3258,0.3766
Gradient Boosting,0.3277,0.3766
Gradient Boosting,0.3295,0.3766
Gradient Boosting,0.3314,0.3766
Gradient Boosting,0.3276,0.3701
Gradient Boosting,0.3237,0.3636
Gradient Boosting,0.3256,0.3636
Gradient Boosting,0.3275,0.3636
Gradient Boosting,0.3294,0.3636
Gradient Boosting,0.3314,0.3636
Gradient Boosting,0.3333,0.3636
Gradient Boosting,0.3353,0.3636
Gradient Boosting,0.3373,0.3636
Gradient Boosting,0.3394,0.3636
Gradient Boosting,0.3415,0.3636
Gradient Boosting,0.3436,0.3636
Gradient Boosting,0.3457,0.3636
Gradient Boosting,0.3478,0.3636
Gradient Boosting,0.35,0.3636
Gradient Boosting,0.3522,0.3636
Gradient Boosting,0.3544,0.3636
Gradient Boosting,0.3567,0.3636
Gradient Boosting,0.359,0.3636
Gradient Boosting,0.3613,0.3636
Gradient Boosting,0.3571,0.3571
Gradient Boosting,0.3595,0.3571
Gradient Boosting,0.3618,0.3571
Gradient Boosting,0.3642,0.3571
Gradient Boosting,0.36,0.3506
Gradient Boosting,0.3557,0.3442
Gradient Boosting,0.3581,0.3442
Gradient Boosting,0.3537,0.3377
Gradient Boosting,0.3562,0.3377
Gradient Boosting,0.3517,0.3312
Gradient Boosting,0.3472,0.3247
Gradient Boosting,0.3497,0.3247
Gradient Boosting,0.3451,0.3182
Gradient Boosting,0.3475,0.3182
Gradient Boosting,0.35,0.3182
Gradient Boosting,0.3525,0.3182
Gradient Boosting,0.3551,0.3182
Gradient Boosting,0.3504,0.3117
Gradient Boosting,0.3529,0.3117
Gradient Boosting,0.3481,0.3052
Gradient Boosting,0.3507,0.3052
Gradient Boosting,0.3534,0.3052
Gradient Boosting,0.3485,0.2987
Gradient Boosting,0.3511,0.2987
Gradient Boosting,0.3462,0.2922
Gradient Boosting,0.3411,0.2857
Gradient Boosting,0.3438,0.2857
Gradient Boosting,0.3386,0.2792
Gradient Boosting,0.3333,0.2727
Gradient Boosting,0.336,0.2727
Gradient Boosting,0.3387,0.2727
Gradient Boosting,0.3415,0.2727
Gradient Boosting,0.3443,0.2727
Gradient Boosting,0.3471,0.2727
Gradient Boosting,0.35,0.2727
Gradient Boosting,0.3529,0.2727
Gradient Boosting,0.3559,0.2727
Gradient Boosting,0.359,0.2727
Gradient Boosting,0.3534,0.2662
Gradient Boosting,0.3565,0.2662
Gradient Boosting,0.3596,0.2662
Gradient Boosting,0.3628,0.2662
Gradient Boosting,0.3661,0.2662
Gradient Boosting,0.3604,0.2597
Gradient Boosting,0.3636,0.2597
Gradient Boosting,0.3578,0.2532
Gradient Boosting,0.3519,0.2468
Gradient Boosting,0.3551,0.2468
Gradient Boosting,0.3585,0.2468
Gradient Boosting,0.3619,0.2468
Gradient Boosting,0.3654,0.2468
Gradient Boosting,0.3689,0.2468
Gradient Boosting,0.3725,0.2468
Gradient Boosting,0.3663,0.2403
Gradient Boosting,0.37,0.2403
Gradient Boosting,0.3737,0.2403
Gradient Boosting,0.3776,0.2403
Gradient Boosting,0.3814,0.2403
Gradient Boosting,0.3854,0.2403
Gradient Boosting,0.3895,0.2403
Gradient Boosting,0.3936,0.2403
Gradient Boosting,0.3871,0.2338
Gradient Boosting,0.3913,0.2338
Gradient Boosting,0.3846,0.2273
Gradient Boosting,0.3889,0.2273
Gradient Boosting,0.3933,0.2273
Gradient Boosting,0.3977,0.2273
Gradient Boosting,0.4023,0.2273
Gradient Boosting,0.3953,0.2208
Gradient Boosting,0.4,0.2208
Gradient Boosting,0.3929,0.2143
Gradient Boosting,0.3855,0.2078
Gradient Boosting,0.3902,0.2078
Gradient Boosting,0.3951,0.2078
Gradient Boosting,0.3875,0.2013
Gradient Boosting,0.3924,0.2013
Gradient Boosting,0.3974,0.2013
Gradient Boosting,0.4026,0.2013
Gradient Boosting,0.3947,0.1948
Gradient Boosting,0.4,0.1948
Gradient Boosting,0.3919,0.1883
Gradient Boosting,0.3973,0.1883
Gradient Boosting,0.3889,0.1818
Gradient Boosting,0.3944,0.1818
Gradient Boosting,0.4,0.1818
Gradient Boosting,0.4058,0.1818
Gradient Boosting,0.4118,0.1818
Gradient Boosting,0.4179,0.1818
Gradient Boosting,0.4091,0.1753
Gradient Boosting,0.4154,0.1753
Gradient Boosting,0.4062,0.1688
Gradient Boosting,0.3968,0.1623
Gradient Boosting,0.4032,0.1623
Gradient Boosting,0.3934,0.1558
Gradient Boosting,0.4,0.1558
Gradient Boosting,0.4068,0.1558
Gradient Boosting,0.4138,0.1558
Gradient Boosting,0.4211,0.1558
Gradient Boosting,0.4107,0.1494
Gradient Boosting,0.4182,0.1494
Gradient Boosting,0.4074,0.1429
Gradient Boosting,0.4151,0.1429
Gradient Boosting,0.4038,0.1364
Gradient Boosting,0.4118,0.1364
Gradient Boosting,0.4,0.1299
Gradient Boosting,0.4082,0.1299
Gradient Boosting,0.3958,0.1234
Gradient Boosting,0.4043,0.1234
Gradient Boosting,0.413,0.1234
Gradient Boosting,0.4222,0.1234
Gradient Boosting,0.4318,0.1234
Gradient Boosting,0.4186,0.1169
Gradient Boosting,0.4286,0.1169
Gradient Boosting,0.439,0.1169
Gradient Boosting,0.45,0.1169
Gradient Boosting,0.4359,0.1104
Gradient Boosting,0.4474,0.1104
Gradient Boosting,0.4595,0.1104
Gradient Boosting,0.4444,0.1039
Gradient Boosting,0.4286,0.0974
Gradient Boosting,0.4412,0.0974
Gradient Boosting,0.4545,0.0974
Gradient Boosting,0.4688,0.0974
Gradient Boosting,0.4839,0.0974
Gradient Boosting,0.5,0.0974
Gradient Boosting,0.5172,0.0974
Gradient Boosting,0.5,0.0909
Gradient Boosting,0.5185,0.0909
Gradient Boosting,0.5,0.0844
Gradient Boosting,0.52,0.0844
Gradient Boosting,0.5417,0.0844
Gradient Boosting,0.5217,0.0779
Gradient Boosting,0.5,0.0714
Gradient Boosting,0.4762,0.0649
Gradient Boosting,0.45,0.0584
Gradient Boosting,0.4737,0.0584
Gradient Boosting,0.5,0.0584
Gradient Boosting,0.5294,0.0584
Gradient Boosting,0.5,0.0519
Gradient Boosting,0.4667,0.0455
Gradient Boosting,0.5,0.0455
Gradient Boosting,0.4615,0.039
Gradient Boosting,0.5,0.039
Gradient Boosting,0.5455,0.039
Gradient Boosting,0.6,0.039
Gradient Boosting,0.6667,0.039
Gradient Boosting,0.625,0.0325
Gradient Boosting,0.5714,0.026
Gradient Boosting,0.6667,0.026
Gradient Boosting,0.6,0.0195
Gradient Boosting,0.75,0.0195
Gradient Boosting,0.6667,0.013
Gradient Boosting,1.0,0.013
Gradient Boosting,1.0,0.0065
Gradient Boosting,1.0,0.0
